post_id,registrationNumber,body,count_comments,count_likes
5c2ded63a4791700013bfeb1,00025,bonjour tout le monde,12,21
5c2df272a4791700013bfeb9,00011,bonjour tout le monde,1,13
5c2e1227a4791700013bfec1,00033,bonjour tout le monde,8,21
5c2e1509a4791700013bfec4,00066,bonjour tout le monde,9,25
5c2e2ba9a4791700013bfece,00118,bonjour tout le monde,4,22
5c2e38e5a4791700013bfed2,00037,bonjour tout le monde,16,36
5c2e3a08a4791700013bfed3,00115,bonjour tout le monde,0,13
5c2e3cada4791700013bfed8,00037,bonjour tout le monde,22,44
5c2f5a10b58b660001571a3a,00086,bonjour tout le monde,4,18
5c2f7d9db58b660001571a8f,00085,bonjour tout le monde,3,36
5c3338c3b58b660001571afe,00002,bonjour tout le monde,7,34
5c33545ab58b660001571b0f,00118,bonjour tout le monde,13,31
5c335afb82d1ac0001020781,00070,bonjour tout le monde,15,37
5c336d2f82d1ac0001020793,00115,bonjour tout le monde,12,33
5c33995482d1ac000102079c,00003,bonjour tout le monde,11,38
5c35c2d082d1ac00010207cb,00085,bonjour tout le monde,12,30
5c35c43482d1ac00010207cc,00014,bonjour tout le monde,12,38
5c3609ae82d1ac00010207e3,00057,bonjour tout le monde,4,25
5c370e6882d1ac00010207f8,00011,bonjour tout le monde,5,22
5c371a7b82d1ac00010207fb,00064,bonjour tout le monde,15,31
5c3749a882d1ac0001020809,00114,bonjour tout le monde,6,17
5c374e9282d1ac0001020819,00086,bonjour tout le monde,1,9
5c37550982d1ac000102081c,00010,bonjour tout le monde,2,23
5c3767b082d1ac0001020820,00118,bonjour tout le monde,14,33
5c376c1d82d1ac0001020827,00058,bonjour tout le monde,5,19
5c3b73a682d1ac000102085a,00139,bonjour tout le monde,7,32
5c3cbadb82d1ac000102085b,nan,bonjour tout le monde,0,0
5c3cbadb82d1ac000102085c,nan,bonjour tout le monde,0,0
5c3cbb6b82d1ac000102085e,nan,bonjour tout le monde,0,1
5c3cbb6b82d1ac000102085f,nan,bonjour tout le monde,0,0
5c3cbb6b82d1ac0001020860,nan,bonjour tout le monde,0,1
5c3cbb6b82d1ac0001020861,nan,bonjour tout le monde,0,0
5c3cbb6b82d1ac0001020862,nan,bonjour tout le monde,0,0
5c3cbb6b82d1ac0001020863,nan,bonjour tout le monde,0,0
5c3cbb6b82d1ac0001020864,00009,bonjour tout le monde,2,27
5c3db1cb82d1ac000102086b,00086,bonjour tout le monde,0,6
5c3dc91682d1ac000102086e,00095,bonjour tout le monde,5,15
5c3de4da82d1ac0001020870,00011,bonjour tout le monde,5,17
5c3df03f82d1ac0001020874,00089,bonjour tout le monde,10,24
5c3e01b582d1ac000102087c,00039,bonjour tout le monde,0,17
5c3e0dcd82d1ac0001020884,00125,bonjour tout le monde,8,23
5c3eea4c82d1ac0001020891,00011,bonjour tout le monde,0,0
5c3eea4c82d1ac0001020892,00011,bonjour tout le monde,0,0
5c3eea4c82d1ac0001020893,00011,bonjour tout le monde,0,0
5c3eea4c82d1ac0001020894,00011,bonjour tout le monde,0,0
5c3eea4c82d1ac0001020895,00011,bonjour tout le monde,0,0
5c3eea4c82d1ac0001020896,00011,bonjour tout le monde,0,0
5c3eea4c82d1ac0001020897,00011,bonjour tout le monde,0,0
5c3eea4c82d1ac0001020898,00011,bonjour tout le monde,0,0
5c3eeae982d1ac000102089a,00011,bonjour tout le monde,0,2
5c3eeae982d1ac000102089b,00011,bonjour tout le monde,2,2
5c3eeae982d1ac000102089c,00011,bonjour tout le monde,0,4
5c3eeae982d1ac000102089d,00011,bonjour tout le monde,2,2
5c3eeae982d1ac000102089e,00011,bonjour tout le monde,0,5
5c3eeae982d1ac000102089f,00011,bonjour tout le monde,0,2
5c3eeae982d1ac00010208a0,00011,bonjour tout le monde,0,2
5c3eeae982d1ac00010208a1,00011,bonjour tout le monde,0,3
5c3eeae982d1ac00010208a2,00011,bonjour tout le monde,7,40
5c3ef94c82d1ac00010208a9,00052,bonjour tout le monde,1,12
5c3f05ef82d1ac00010208af,00093,bonjour tout le monde,2,24
5c3f3b5a82d1ac00010208b4,00138,bonjour tout le monde,11,35
5c3f3ba682d1ac00010208b5,00138,bonjour tout le monde,1,34
5c3f3bef82d1ac00010208b6,00138,bonjour tout le monde,6,34
5c3f48ad82d1ac00010208c0,00003,bonjour tout le monde,13,48
5c403c5e82d1ac00010208d7,00051,bonjour tout le monde,2,40
5c40a89782d1ac00010208e0,00115,bonjour tout le monde,2,15
5c41f67182d1ac00010208e5,00138,bonjour tout le monde,3,22
5c41f9f882d1ac00010208e6,00095,bonjour tout le monde,2,28
5c459be382d1ac00010208ed,00114,bonjour tout le monde,6,37
5c459e3b82d1ac00010208f0,00086,bonjour tout le monde,8,42
5c45c14c82d1ac00010208f9,00114,bonjour tout le monde,0,10
5c45e30f82d1ac00010208fc,00103,bonjour tout le monde,1,12
5c45eab982d1ac00010208fe,00086,bonjour tout le monde,12,32
5c45ef6282d1ac0001020900,00095,bonjour tout le monde,11,32
5c4616cb82d1ac0001020908,00038,bonjour tout le monde,2,24
5c46e6d464710a0001857501,00002,bonjour tout le monde,1,30
5c47a3da64710a000185750a,00064,bonjour tout le monde,23,45
5c484a7164710a0001857520,00052,bonjour tout le monde,0,10
5c484e4f64710a0001857521,00118,bonjour tout le monde,7,26
5c4883d864710a0001857529,00079,bonjour tout le monde,32,46
5c48b8b164710a0001857539,00032,bonjour tout le monde,8,18
5c4970fa64710a000185753f,00089,bonjour tout le monde,26,44
5c49863464710a0001857550,00058,bonjour tout le monde,8,29
5c49ed1764710a000185756f,00139,bonjour tout le monde,1,17
5c4ac25564710a0001857579,00118,bonjour tout le monde,0,12
5c4accb564710a000185757a,00003,bonjour tout le monde,1,38
5c4aea0e64710a000185757c,00052,bonjour tout le monde,0,17
5c4af0d964710a000185757d,00053,bonjour tout le monde,5,31
5c4b27c364710a0001857583,00053,bonjour tout le monde,1,31
5c4b567f64710a0001857584,00103,bonjour tout le monde,5,19
5c4c831064710a000185758d,00002,bonjour tout le monde,0,28
5c4efd2664710a0001857590,00052,bonjour tout le monde,0,12
5c4f0b9464710a0001857592,00001,bonjour tout le monde,2,34
5c4f0d1164710a0001857593,00011,bonjour tout le monde,0,0
5c4f0d1164710a0001857594,00011,bonjour tout le monde,0,0
5c4f0d1164710a0001857595,00011,bonjour tout le monde,0,0
5c4f0d1164710a0001857596,00011,bonjour tout le monde,0,0
5c4f0d1164710a0001857597,00011,bonjour tout le monde,0,0
5c4f0d1164710a0001857598,00011,bonjour tout le monde,0,0
5c4f0d1164710a0001857599,00011,bonjour tout le monde,0,0
5c4f0d1164710a000185759a,00011,bonjour tout le monde,0,0
5c4f0d1164710a000185759b,00011,bonjour tout le monde,0,0
5c4f0d1164710a000185759c,00011,bonjour tout le monde,0,0
5c4f0d1164710a000185759d,00011,bonjour tout le monde,0,0
5c4f0d1164710a000185759e,00011,bonjour tout le monde,0,0
5c4f0d1164710a000185759f,00011,bonjour tout le monde,0,0
5c4f0d1164710a00018575a0,00011,bonjour tout le monde,0,0
5c4f0d1164710a00018575a1,00011,bonjour tout le monde,0,0
5c4f197c64710a00018575a3,nan,bonjour tout le monde,0,0
5c4f197c64710a00018575a4,nan,bonjour tout le monde,0,0
5c4f19d764710a00018575a6,nan,bonjour tout le monde,0,3
5c4f19d764710a00018575a7,nan,bonjour tout le monde,0,3
5c4f19d764710a00018575a8,00001,bonjour tout le monde,12,32
5c50103064710a00018575ae,00011,bonjour tout le monde,0,1
5c50103064710a00018575af,00011,bonjour tout le monde,0,3
5c50103064710a00018575b0,00011,bonjour tout le monde,0,4
5c50103064710a00018575b1,00011,bonjour tout le monde,0,1
5c50103064710a00018575b2,00011,bonjour tout le monde,2,4
5c50103064710a00018575b3,00011,bonjour tout le monde,1,5
5c50103064710a00018575b4,00011,bonjour tout le monde,0,2
5c50103064710a00018575b5,00011,bonjour tout le monde,0,3
5c50103064710a00018575b6,00011,bonjour tout le monde,0,0
5c50103064710a00018575b7,00011,bonjour tout le monde,0,2
5c50103064710a00018575b8,00011,bonjour tout le monde,0,2
5c50103064710a00018575b9,00011,bonjour tout le monde,0,2
5c50103064710a00018575ba,00011,bonjour tout le monde,0,3
5c50103064710a00018575bb,00011,bonjour tout le monde,0,3
5c50103064710a00018575bc,00011,bonjour tout le monde,0,2
5c50103064710a00018575bd,00011,bonjour tout le monde,0,3
5c50103064710a00018575be,00011,bonjour tout le monde,0,5
5c50103064710a00018575bf,00011,bonjour tout le monde,6,43
5c50322464710a00018575c8,00093,bonjour tout le monde,8,33
5c5042f464710a00018575ce,00130,bonjour tout le monde,17,43
5c504df564710a00018575d1,nan,bonjour tout le monde,0,1
5c504df564710a00018575d2,nan,bonjour tout le monde,0,1
5c504df564710a00018575d3,nan,bonjour tout le monde,0,0
5c504df564710a00018575d4,nan,bonjour tout le monde,0,0
5c504df564710a00018575d5,nan,bonjour tout le monde,0,0
5c504df564710a00018575d6,nan,bonjour tout le monde,0,0
5c504df564710a00018575d7,00012,bonjour tout le monde,8,24
5c50677f64710a00018575e4,00093,bonjour tout le monde,5,35
5c506bb664710a00018575e5,00052,bonjour tout le monde,2,20
5c5154b864710a00018575f4,00085,bonjour tout le monde,13,32
5c5181ec64710a00018575fa,00070,bonjour tout le monde,0,2
5c5181ec64710a00018575fb,00070,bonjour tout le monde,0,2
5c5181ec64710a00018575fc,00070,bonjour tout le monde,1,33
5c52b20964710a0001857609,00011,bonjour tout le monde,17,30
5c52d41f64710a000185761c,00052,bonjour tout le monde,0,11
5c52fedb64710a0001857623,00003,bonjour tout le monde,18,33
5c530de264710a000185762c,00064,bonjour tout le monde,7,26
5c5313e764710a0001857634,00038,bonjour tout le monde,4,39
5c54038a64710a0001857642,00070,bonjour tout le monde,10,30
5c540d8564710a0001857649,00072,bonjour tout le monde,9,29
5c5432e864710a0001857653,00138,bonjour tout le monde,12,41
5c580fe764710a0001857670,00092,bonjour tout le monde,8,21
5c58115864710a0001857671,00086,bonjour tout le monde,0,1
5c58115864710a0001857672,00086,bonjour tout le monde,0,1
5c58115864710a0001857673,00086,bonjour tout le monde,0,1
5c58115864710a0001857674,00086,bonjour tout le monde,0,1
5c58115864710a0001857675,00086,bonjour tout le monde,0,1
5c58115864710a0001857676,00086,bonjour tout le monde,0,1
5c58115864710a0001857677,00086,bonjour tout le monde,0,2
5c58115864710a0001857678,00086,bonjour tout le monde,5,30
5c58158964710a000185767b,00125,bonjour tout le monde,10,22
5c58211c64710a0001857681,00093,bonjour tout le monde,8,40
5c594fc464710a0001857697,00032,bonjour tout le monde,23,33
5c5bfd8964710a00018576b2,00003,bonjour tout le monde,2,19
5c5c170864710a00018576b4,00040,bonjour tout le monde,2,23
5c5d3f8164710a00018576b8,00003,bonjour tout le monde,0,1
5c5d3f8164710a00018576b9,00003,bonjour tout le monde,0,0
5c5d3f8164710a00018576ba,00003,bonjour tout le monde,0,0
5c5d3f8164710a00018576bb,00003,bonjour tout le monde,0,0
5c5d3f8164710a00018576bc,00003,bonjour tout le monde,11,33
5c5d922a64710a00018576c3,00142,bonjour tout le monde,3,24
5c5d933564710a00018576c4,00002,bonjour tout le monde,7,22
5c5dccd964710a00018576d1,00072,bonjour tout le monde,3,20
5c5fdef664710a00018576d5,00032,bonjour tout le monde,15,23
5c61931a64710a00018576e3,00034,bonjour tout le monde,20,29
5c62813e64710a00018576f7,00011,bonjour tout le monde,2,2
5c62813e64710a00018576f8,00011,bonjour tout le monde,0,1
5c62813e64710a00018576f9,00011,bonjour tout le monde,0,1
5c62813e64710a00018576fa,00011,bonjour tout le monde,9,19
5c62845f64710a00018576fb,00032,bonjour tout le monde,0,2
5c62845f64710a00018576fc,00032,bonjour tout le monde,0,0
5c62845f64710a00018576fd,00032,bonjour tout le monde,0,0
5c62845f64710a00018576fe,00032,bonjour tout le monde,0,0
5c62845f64710a00018576ff,00032,bonjour tout le monde,12,28
5c62a39364710a0001857713,00006,bonjour tout le monde,9,19
5c62f04f64710a000185771f,00056,bonjour tout le monde,11,31
5c62f4aa64710a0001857720,00064,bonjour tout le monde,2,28
5c63010c64710a0001857726,00011,bonjour tout le monde,5,21
5c6326a664710a000185772b,00126,bonjour tout le monde,0,0
5c6333ad64710a000185772d,00126,bonjour tout le monde,0,0
5c63d61a64710a0001857734,00118,bonjour tout le monde,10,25
5c63f68864710a000185773a,00052,bonjour tout le monde,0,20
5c652e5b64710a000185774b,00040,bonjour tout le monde,3,28
5c65533564710a0001857750,00039,bonjour tout le monde,13,38
5c656b9664710a0001857753,00143,bonjour tout le monde,2,29
5c65756d64710a0001857755,00002,bonjour tout le monde,2,31
5c65791264710a0001857756,00003,bonjour tout le monde,8,34
5c6579c664710a0001857757,00089,bonjour tout le monde,5,34
5c65856764710a000185775b,00118,bonjour tout le monde,5,30
5c65a24064710a000185775f,00048,bonjour tout le monde,14,41
5c671051b361ed00019e65e0,00011,bonjour tout le monde,5,26
5c6a819eb361ed00019e65e6,00002,bonjour tout le monde,12,15
5c6abcd7b361ed00019e65ef,00052,bonjour tout le monde,1,12
5c6b3344b361ed00019e65f5,00032,bonjour tout le monde,3,16
5c6c0bd9b361ed00019e65fb,00118,bonjour tout le monde,1,24
5c6c1ab4b361ed00019e65fd,00039,bonjour tout le monde,4,18
5c6d3843b361ed00019e6603,00003,bonjour tout le monde,6,33
5c6d4768b361ed00019e6604,00072,bonjour tout le monde,7,31
5c6d4b8db361ed00019e6605,00139,bonjour tout le monde,8,23
5c6d715fb361ed00019e6610,00068,bonjour tout le monde,5,34
5c6dbd32b361ed00019e6613,00079,bonjour tout le monde,6,36
5c6dc026b361ed00019e6615,nan,bonjour tout le monde,0,1
5c6dc026b361ed00019e6616,nan,bonjour tout le monde,0,2
5c6dc026b361ed00019e6617,nan,bonjour tout le monde,0,1
5c6dc026b361ed00019e6618,nan,bonjour tout le monde,0,1
5c6dc026b361ed00019e6619,00039,bonjour tout le monde,9,33
5c6e6632b361ed00019e6623,00011,bonjour tout le monde,0,2
5c6e6632b361ed00019e6624,00011,bonjour tout le monde,2,4
5c6e6632b361ed00019e6625,00011,bonjour tout le monde,7,24
5c6e6f26b361ed00019e662a,00053,bonjour tout le monde,21,23
5c6eafcbb361ed00019e6645,00142,bonjour tout le monde,1,3
5c6eafcbb361ed00019e6646,00142,bonjour tout le monde,0,1
5c6eafcbb361ed00019e6647,00142,bonjour tout le monde,4,30
5c6ecda5b361ed00019e664e,00138,bonjour tout le monde,4,30
5c6ef13eb361ed00019e6656,00039,bonjour tout le monde,1,36
5c6fc2c6b361ed00019e6666,00033,bonjour tout le monde,0,25
5c6fdc5eb361ed00019e666a,00024,bonjour tout le monde,4,32
5c701806b361ed00019e666e,00066,bonjour tout le monde,0,1
5c701806b361ed00019e666f,00066,bonjour tout le monde,0,1
5c701806b361ed00019e6670,00066,bonjour tout le monde,0,1
5c701806b361ed00019e6671,00066,bonjour tout le monde,0,1
5c701806b361ed00019e6672,00066,bonjour tout le monde,0,1
5c701806b361ed00019e6673,00066,bonjour tout le monde,1,2
5c701806b361ed00019e6674,00066,bonjour tout le monde,3,22
5c72f484b361ed00019e667a,00118,bonjour tout le monde,11,29
5c7402b4b361ed00019e6681,00071,bonjour tout le monde,1,22
5c754343df84440001c593ab,00118,bonjour tout le monde,5,29
5c755398df84440001c593af,00143,bonjour tout le monde,13,16
5c755f78df84440001c593b2,00095,bonjour tout le monde,4,23
5c7565d0df84440001c593b6,00132,bonjour tout le monde,4,28
5c76331cdf84440001c593bf,00064,bonjour tout le monde,0,0
5c76331cdf84440001c593c0,00064,bonjour tout le monde,13,14
5c7656dddf84440001c593c5,00141,bonjour tout le monde,14,23
5c766645df84440001c593cd,00002,bonjour tout le monde,8,21
5c76925ddf84440001c593dd,00051,bonjour tout le monde,3,34
5c769977df84440001c593e0,00118,bonjour tout le monde,0,23
5c76e13edf84440001c593ee,00039,bonjour tout le monde,1,22
5c77c3e7df84440001c593f6,00002,bonjour tout le monde,3,18
5c780808df84440001c593fd,00053,bonjour tout le monde,8,25
5c793109df84440001c59410,00093,bonjour tout le monde,1,10
5c79472fdf84440001c59412,00086,bonjour tout le monde,3,13
5c7cd841df84440001c59415,00118,bonjour tout le monde,1,20
5c7d0a6ddf84440001c59417,00086,bonjour tout le monde,0,0
5c7d0a6ddf84440001c59418,00086,bonjour tout le monde,0,0
5c7d0a6ddf84440001c59419,00086,bonjour tout le monde,0,0
5c7d0a6ddf84440001c5941a,00086,bonjour tout le monde,0,0
5c7d0a6ddf84440001c5941b,00086,bonjour tout le monde,0,0
5c7d0a6ddf84440001c5941c,00086,bonjour tout le monde,0,0
5c7d0a6ddf84440001c5941d,00086,bonjour tout le monde,0,0
5c7d0a6ddf84440001c5941e,00086,bonjour tout le monde,0,0
5c7d0ad9df84440001c59420,00086,bonjour tout le monde,0,2
5c7d0ad9df84440001c59421,00086,bonjour tout le monde,1,4
5c7d0ad9df84440001c59422,00086,bonjour tout le monde,0,2
5c7d0ad9df84440001c59423,00086,bonjour tout le monde,2,3
5c7d0ad9df84440001c59424,00086,bonjour tout le monde,0,3
5c7d0ad9df84440001c59425,00086,bonjour tout le monde,0,3
5c7d0ad9df84440001c59426,00086,bonjour tout le monde,0,2
5c7d0ad9df84440001c59427,00086,bonjour tout le monde,0,1
5c7d0ad9df84440001c59428,00086,bonjour tout le monde,3,28
5c7d2719df84440001c5942c,00132,bonjour tout le monde,0,4
5c7d2719df84440001c5942d,00132,bonjour tout le monde,0,3
5c7d2719df84440001c5942e,00132,bonjour tout le monde,0,4
5c7d2719df84440001c5942f,00132,bonjour tout le monde,1,28
5c7d35a8df84440001c59431,00068,bonjour tout le monde,4,29
5c7d377bdf84440001c59432,00011,bonjour tout le monde,3,30
5c7d7dd2df84440001c59439,00066,bonjour tout le monde,3,29
5c7e2a62df84440001c5943d,00086,bonjour tout le monde,29,31
5c7e6bebdf84440001c59458,00088,bonjour tout le monde,6,6
5c7e6fe8df84440001c5945a,00139,bonjour tout le monde,6,17
5c7f96a9df84440001c59466,00006,bonjour tout le monde,8,18
5c802d40df84440001c59471,00034,bonjour tout le monde,4,22
5c80e1aedf84440001c59473,00096,bonjour tout le monde,8,24
5c811c68df84440001c59485,00026,bonjour tout le monde,2,20
5c821beedf84440001c5948f,00086,bonjour tout le monde,4,31
5c822bcddf84440001c59492,00132,bonjour tout le monde,0,0
5c822bcddf84440001c59493,00132,bonjour tout le monde,0,1
5c822bcddf84440001c59494,00132,bonjour tout le monde,2,33
5c823ae4df84440001c59499,00086,bonjour tout le monde,0,0
5c823ae4df84440001c5949a,00086,bonjour tout le monde,0,0
5c823ae4df84440001c5949b,00086,bonjour tout le monde,3,30
5c823aecdf84440001c5949c,00038,bonjour tout le monde,2,37
5c82d8a3df84440001c594a2,00071,bonjour tout le monde,1,26
5c853560df84440001c594a4,00018,bonjour tout le monde,29,43
5c862b2a9681670001c1d8f6,00086,bonjour tout le monde,0,19
5c86429b9681670001c1d91d,00138,bonjour tout le monde,0,35
5c866fd59681670001c1d923,00129,bonjour tout le monde,13,17
5c8704489681670001c1d933,nan,bonjour tout le monde,0,0
5c8704489681670001c1d934,nan,bonjour tout le monde,0,0
5c8704489681670001c1d935,nan,bonjour tout le monde,0,0
5c8704489681670001c1d936,nan,bonjour tout le monde,0,0
5c87531e9681670001c1d938,nan,bonjour tout le monde,0,2
5c87531e9681670001c1d939,nan,bonjour tout le monde,1,3
5c87531e9681670001c1d93a,nan,bonjour tout le monde,0,3
5c87531e9681670001c1d93b,nan,bonjour tout le monde,1,2
5c87531e9681670001c1d93c,nan,bonjour tout le monde,0,2
5c87531e9681670001c1d93d,nan,bonjour tout le monde,0,1
5c87531e9681670001c1d93e,nan,bonjour tout le monde,1,2
5c87531e9681670001c1d93f,00001,bonjour tout le monde,31,41
5c87767e9681670001c1d950,00018,bonjour tout le monde,3,25
5c878d169681670001c1d958,00138,bonjour tout le monde,1,22
5c87909c9681670001c1d959,00086,bonjour tout le monde,4,32
5c87973a9681670001c1d95e,00048,bonjour tout le monde,21,39
5c87d7ae9681670001c1d976,00086,bonjour tout le monde,0,22
5c87efd29681670001c1d97b,00048,bonjour tout le monde,2,33
5c882c889681670001c1d97e,00048,bonjour tout le monde,8,21
5c89313d9681670001c1d997,00014,bonjour tout le monde,0,24
5c89374f9681670001c1d999,nan,bonjour tout le monde,0,0
5c893a149681670001c1d99b,nan,bonjour tout le monde,0,5
5c893a149681670001c1d99c,nan,bonjour tout le monde,0,4
5c893a149681670001c1d99d,nan,bonjour tout le monde,0,2
5c893a149681670001c1d99e,00001,bonjour tout le monde,4,34
5c8a27f439e09d0001cc6cfa,00143,bonjour tout le monde,5,17
5c8a2d9039e09d0001cc6cfb,00135,bonjour tout le monde,12,30
5c8a324b39e09d0001cc6cff,00037,bonjour tout le monde,0,34
5c8a532739e09d0001cc6d03,00088,bonjour tout le monde,6,41
5c8a860139e09d0001cc6d0d,nan,bonjour tout le monde,0,2
5c8a860139e09d0001cc6d0e,nan,bonjour tout le monde,0,1
5c8a860139e09d0001cc6d0f,00095,bonjour tout le monde,20,38
5c8a9abd39e09d0001cc6d18,00024,bonjour tout le monde,2,33
5c8b836439e09d0001cc6d29,00095,bonjour tout le monde,14,34
5c8bad25f8ded10001880f12,00024,bonjour tout le monde,7,25
5c8cdf8bf8ded10001880f25,00037,bonjour tout le monde,2,10
5c8f592df8ded10001880f29,00032,bonjour tout le monde,16,20
5c8f5a21f8ded10001880f2a,00040,bonjour tout le monde,1,19
5c8f9d3cf8ded10001880f3b,00086,bonjour tout le monde,1,30
5c8ff959f8ded10001880f40,00048,bonjour tout le monde,10,37
5c90ad89f8ded10001880f4a,00066,bonjour tout le monde,0,29
5c90b845f8ded10001880f4e,00039,bonjour tout le monde,7,36
5c90ecb1f8ded10001880f58,00086,bonjour tout le monde,0,17
5c910547f8ded10001880f59,00079,bonjour tout le monde,5,25
5c914ebdf8ded10001880f5d,00079,bonjour tout le monde,4,32
5c914fdcf8ded10001880f5e,nan,bonjour tout le monde,0,3
5c914fdcf8ded10001880f5f,nan,bonjour tout le monde,0,5
5c914fdcf8ded10001880f60,nan,bonjour tout le monde,0,1
5c914fdcf8ded10001880f61,nan,bonjour tout le monde,0,7
5c914fdcf8ded10001880f62,nan,bonjour tout le monde,1,8
5c914fdcf8ded10001880f63,00066,bonjour tout le monde,0,30
5c91515cf8ded10001880f64,00066,bonjour tout le monde,2,31
5c9151edf8ded10001880f65,00066,bonjour tout le monde,14,32
5c91f059f8ded10001880f6d,00066,bonjour tout le monde,1,28
5c920ff7f8ded10001880f72,00058,bonjour tout le monde,1,32
5c92aaabf8ded10001880f7a,00039,bonjour tout le monde,2,28
5c92addef8ded10001880f7b,00057,bonjour tout le monde,2,31
5c936655f8ded10001880f86,00056,bonjour tout le monde,1,27
5c937f4bf8ded10001880f8a,00067,bonjour tout le monde,0,35
5c94d6baf8ded10001880f8b,00164,bonjour tout le monde,0,0
5c9501bcf8ded10001880f8f,00037,bonjour tout le monde,19,41
5c965b28f8ded10001880f9e,00039,bonjour tout le monde,1,33
5c97bc61f8ded10001880fa0,00066,bonjour tout le monde,8,27
5c98b866f8ded10001880faa,00086,bonjour tout le monde,0,26
5c98fa74f8ded10001880fae,00058,bonjour tout le monde,2,15
5c99ee06f8ded10001880fb1,00039,bonjour tout le monde,0,28
5c99fccaf8ded10001880fb3,00072,bonjour tout le monde,3,24
5c99febdf8ded10001880fb4,00122,bonjour tout le monde,0,11
5c9a23bbf8ded10001880fb9,00003,bonjour tout le monde,4,25
5c9a3829f8ded10001880fbe,00085,bonjour tout le monde,2,11
5c9a4135f8ded10001880fc1,00037,bonjour tout le monde,10,31
5c9b3c81f8ded10001880fcf,00132,bonjour tout le monde,7,20
5c9b4fb9f8ded10001880fd2,00118,bonjour tout le monde,4,26
5c9b6154f8ded10001880fd7,00056,bonjour tout le monde,4,30
5c9b6545f8ded10001880fd9,00079,bonjour tout le monde,0,2
5c9b6545f8ded10001880fda,00079,bonjour tout le monde,0,0
5c9b6545f8ded10001880fdb,00079,bonjour tout le monde,1,31
5c9b728ef8ded10001880fde,00086,bonjour tout le monde,0,23
5c9ba7b9f8ded10001880fe3,00070,bonjour tout le monde,2,2
5c9ba7b9f8ded10001880fe4,00070,bonjour tout le monde,0,0
5c9ba7b9f8ded10001880fe5,00070,bonjour tout le monde,0,0
5c9ba7b9f8ded10001880fe6,00070,bonjour tout le monde,0,0
5c9ba7b9f8ded10001880fe7,00070,bonjour tout le monde,1,28
5c9c1f6cf8ded10001880fea,nan,bonjour tout le monde,0,8
5c9c1f6cf8ded10001880feb,nan,bonjour tout le monde,0,7
5c9c1f6cf8ded10001880fec,nan,bonjour tout le monde,0,7
5c9c1f6cf8ded10001880fed,nan,bonjour tout le monde,0,6
5c9c1f6cf8ded10001880fee,nan,bonjour tout le monde,0,10
5c9c1f6cf8ded10001880fef,nan,bonjour tout le monde,0,5
5c9c1f6cf8ded10001880ff0,00039,bonjour tout le monde,3,33
5c9cb646f8ded10001880ff9,00109,bonjour tout le monde,2,18
5c9cd5b9f8ded10001880ffc,00066,bonjour tout le monde,2,18
5c9cdfd8f8ded10001880ffe,00150,bonjour tout le monde,0,35
5c9d3aa8f8ded10001881001,00039,bonjour tout le monde,0,0
5c9d3aa8f8ded10001881002,00039,bonjour tout le monde,0,0
5c9d3aa8f8ded10001881003,00039,bonjour tout le monde,3,27
5c9d3d55f8ded10001881004,00039,bonjour tout le monde,0,25
5c9e18fef8ded10001881008,00129,bonjour tout le monde,11,22
5c9e2195f8ded1000188100a,00006,bonjour tout le monde,9,21
5c9e23abf8ded1000188100b,00141,bonjour tout le monde,0,1
5c9e23abf8ded1000188100c,00141,bonjour tout le monde,2,25
5c9e5764f8ded10001881019,00054,bonjour tout le monde,1,0
5c9e5764f8ded1000188101a,00054,bonjour tout le monde,0,0
5c9e5764f8ded1000188101b,00054,bonjour tout le monde,1,18
5c9e635af8ded1000188101e,00079,bonjour tout le monde,2,9
5c9e635af8ded1000188101f,00079,bonjour tout le monde,15,36
5ca116b8f8ded10001881032,00169,bonjour tout le monde,0,20
5ca1f0f6f8ded10001881039,00126,bonjour tout le monde,4,32
5ca2020df8ded1000188103c,00138,bonjour tout le monde,14,33
5ca234baf8ded1000188104d,00132,bonjour tout le monde,0,0
5ca234baf8ded1000188104e,00132,bonjour tout le monde,0,0
5ca234baf8ded1000188104f,00132,bonjour tout le monde,30,31
5ca3433df8ded10001881072,00138,bonjour tout le monde,8,30
5ca35915f8ded10001881076,00136,bonjour tout le monde,13,34
5ca36d97f8ded10001881080,00122,bonjour tout le monde,0,0
5ca36d97f8ded10001881081,00122,bonjour tout le monde,0,0
5ca36d97f8ded10001881082,00122,bonjour tout le monde,0,0
5ca36d97f8ded10001881083,00122,bonjour tout le monde,1,17
5ca36de8f8ded10001881084,00122,bonjour tout le monde,0,0
5ca36de8f8ded10001881085,00122,bonjour tout le monde,0,0
5ca36de8f8ded10001881086,00122,bonjour tout le monde,3,23
5ca37d95f8ded10001881089,00033,bonjour tout le monde,18,24
5ca37f52f8ded1000188108a,00126,bonjour tout le monde,0,2
5ca37f52f8ded1000188108b,00126,bonjour tout le monde,0,0
5ca37f52f8ded1000188108c,00126,bonjour tout le monde,4,27
5ca3faeff8ded100018810a0,00138,bonjour tout le monde,15,32
5ca4b050f8ded100018810ba,00026,bonjour tout le monde,8,35
5ca4e39ef8ded100018810c1,00092,bonjour tout le monde,18,38
5ca5b6f33d85920001708fce,00004,bonjour tout le monde,15,33
5ca5c8c93d85920001708fd2,00144,bonjour tout le monde,14,31
5ca5d1123d85920001708fd7,00142,bonjour tout le monde,0,0
5ca5d1123d85920001708fd8,00142,bonjour tout le monde,1,1
5ca5d1123d85920001708fd9,00142,bonjour tout le monde,7,33
5ca5d7bd3d85920001708fdf,00115,bonjour tout le monde,8,54
5ca61a7c3d85920001708ffd,00056,bonjour tout le monde,29,47
5ca73ef13d85920001709026,00097,bonjour tout le monde,13,29
5ca758b63d8592000170902e,00138,bonjour tout le monde,2,33
5ca7b71e3d8592000170903a,00096,bonjour tout le monde,5,25
5ca89eed3d85920001709040,00095,bonjour tout le monde,3,28
5caa43203d85920001709045,00096,bonjour tout le monde,3,33
5cab63873d8592000170904b,00086,bonjour tout le monde,0,39
5cabb0f93d8592000170904c,00118,bonjour tout le monde,3,16
5cac5f573d85920001709053,00086,bonjour tout le monde,0,28
5cac72633d85920001709054,00143,bonjour tout le monde,15,31
5cac8d773d8592000170905c,00092,bonjour tout le monde,12,25
5cadf5753d8592000170906f,00142,bonjour tout le monde,4,27
5cadfba63d85920001709071,00040,bonjour tout le monde,4,22
5cae469f3d85920001709075,00118,bonjour tout le monde,3,30
5caef1233d8592000170907a,00056,bonjour tout le monde,15,26
5caf346e3d8592000170908a,00086,bonjour tout le monde,3,22
5cb045d03d85920001709093,00151,bonjour tout le monde,27,46
5cb421d73d859200017090b6,00169,bonjour tout le monde,2,15
5cb44b5c3d859200017090b9,00097,bonjour tout le monde,11,29
5cb4a8843d859200017090c4,00014,bonjour tout le monde,8,30
5cb591863d859200017090cb,00086,bonjour tout le monde,7,31
5cb5bcf63d859200017090d3,00086,bonjour tout le monde,0,1
5cb5bcf63d859200017090d4,00086,bonjour tout le monde,0,1
5cb5bcf63d859200017090d5,00086,bonjour tout le monde,0,2
5cb5bcf63d859200017090d6,00086,bonjour tout le monde,0,2
5cb5bcf63d859200017090d7,00086,bonjour tout le monde,0,4
5cb5bcf63d859200017090d8,00086,bonjour tout le monde,0,4
5cb5bcf63d859200017090d9,00086,bonjour tout le monde,0,2
5cb5bcf63d859200017090da,00086,bonjour tout le monde,0,3
5cb5bcf63d859200017090db,00086,bonjour tout le monde,0,2
5cb5bcf63d859200017090dc,00086,bonjour tout le monde,0,3
5cb5bcf63d859200017090dd,00086,bonjour tout le monde,5,36
5cb6ef153d859200017090e4,00092,bonjour tout le monde,12,24
5cb732aa3d859200017090ec,00086,bonjour tout le monde,0,29
5cb736213d859200017090ed,00138,bonjour tout le monde,5,32
5cb869423d859200017090f9,00009,bonjour tout le monde,2,37
5cb872fd3d859200017090fa,00001,bonjour tout le monde,18,42
5cb886853d85920001709104,00138,bonjour tout le monde,3,29
5cb88d783d8592000170910a,00039,bonjour tout le monde,0,1
5cb88d783d8592000170910b,00039,bonjour tout le monde,0,1
5cb88d783d8592000170910c,00039,bonjour tout le monde,0,0
5cb88d783d8592000170910d,00039,bonjour tout le monde,0,2
5cb88d783d8592000170910e,00039,bonjour tout le monde,5,30
5cb8972d3d85920001709113,00094,bonjour tout le monde,3,31
5cb8b7313d85920001709119,00037,bonjour tout le monde,3,31
5cb8d7ee3d8592000170911f,00007,bonjour tout le monde,6,32
5cb992ba3d85920001709129,00092,bonjour tout le monde,5,22
5cb9b46c3d8592000170912b,00086,bonjour tout le monde,0,18
5cb9cab33d8592000170912d,00148,bonjour tout le monde,5,34
5cb9f56d3d85920001709134,00132,bonjour tout le monde,0,1
5cb9f56d3d85920001709135,00132,bonjour tout le monde,0,2
5cb9f56d3d85920001709136,00132,bonjour tout le monde,0,0
5cb9f56d3d85920001709137,00132,bonjour tout le monde,0,1
5cb9f56d3d85920001709138,00132,bonjour tout le monde,9,46
5cbec1643d8592000170914d,00040,bonjour tout le monde,13,37
5cc07bd23d8592000170915f,00025,bonjour tout le monde,1,30
5cc0ef753d85920001709161,00174,bonjour tout le monde,0,15
5cc1886f68e82900015ad540,00139,bonjour tout le monde,29,36
5cc1f1b768e82900015ad557,00126,bonjour tout le monde,16,28
5cc212df68e82900015ad55f,00018,bonjour tout le monde,25,36
5cc2f0d668e82900015ad57b,00062,bonjour tout le monde,3,13
5cc6c46068e82900015ad58a,00114,bonjour tout le monde,29,41
5cc7f8b268e82900015ad5a5,00118,bonjour tout le monde,0,14
5cc84bf568e82900015ad5a9,00086,bonjour tout le monde,3,17
5cc8780468e82900015ad5ac,00071,bonjour tout le monde,5,24
5ccad96268e82900015ad5b4,00026,bonjour tout le monde,10,30
5ccaff6f68e82900015ad5bd,00064,bonjour tout le monde,18,35
5ccbff3268e82900015ad5cf,00181,bonjour tout le monde,0,0
5ccbff3268e82900015ad5d0,00181,bonjour tout le monde,0,0
5ccbff3268e82900015ad5d1,00181,bonjour tout le monde,0,0
5ccbff3268e82900015ad5d2,00181,bonjour tout le monde,6,27
5ccc0e7268e82900015ad5dd,00003,bonjour tout le monde,9,26
5ccc14fe68e82900015ad5e3,00126,bonjour tout le monde,2,24
5ccc591968e82900015ad5ee,00086,bonjour tout le monde,14,24
5ccc5e2c68e82900015ad5f1,00118,bonjour tout le monde,1,3
5ccc874768e82900015ad5ff,00010,bonjour tout le monde,0,25
5ccf6c8c68e82900015ad604,00032,bonjour tout le monde,6,37
5ccf6e4a68e82900015ad605,00096,bonjour tout le monde,11,35
5cd0215b68e82900015ad614,00142,bonjour tout le monde,3,24
5cd0498068e82900015ad617,00024,bonjour tout le monde,16,39
5cd142f368e82900015ad627,00079,bonjour tout le monde,0,37
5cd1825768e82900015ad62b,00002,bonjour tout le monde,0,37
5cd1ef9068e82900015ad62d,00079,bonjour tout le monde,1,36
5cd1fef868e82900015ad62f,00152,bonjour tout le monde,0,14
5cd2efd268e82900015ad631,00033,bonjour tout le monde,12,39
5cd42f6168e82900015ad63a,00067,bonjour tout le monde,10,44
5cd58bf568e82900015ad649,00144,bonjour tout le monde,9,18
5cd58dd668e82900015ad64a,00125,bonjour tout le monde,1,17
5cd989d168e82900015ad652,00181,bonjour tout le monde,0,0
5cd989d168e82900015ad653,00181,bonjour tout le monde,0,0
5cd989d168e82900015ad654,00181,bonjour tout le monde,11,30
5cd9c71c68e82900015ad658,00138,bonjour tout le monde,0,35
5cda790768e82900015ad65f,00118,bonjour tout le monde,35,47
5cdb3ff968e82900015ad686,00096,bonjour tout le monde,0,37
5cdbd86a68e82900015ad689,00125,bonjour tout le monde,6,18
5cdbd99668e82900015ad68a,00125,bonjour tout le monde,1,8
5cdbf34368e82900015ad68e,00118,bonjour tout le monde,14,25
5cdf22ba68e82900015ad6a4,00011,bonjour tout le monde,0,36
5cdf233868e82900015ad6a5,00079,bonjour tout le monde,1,44
5cdf35d568e82900015ad6a6,00011,bonjour tout le monde,0,4
5cdf35d568e82900015ad6a7,00011,bonjour tout le monde,1,0
5cdf35d568e82900015ad6a8,00011,bonjour tout le monde,1,32
5ce3f33668e82900015ad6ab,00104,bonjour tout le monde,11,21
5ce3fe0868e82900015ad6ad,00086,bonjour tout le monde,3,44
5ce66b1668e82900015ad6b9,00132,bonjour tout le monde,0,1
5ce66b1668e82900015ad6ba,00132,bonjour tout le monde,0,1
5ce66b1668e82900015ad6bb,00132,bonjour tout le monde,0,2
5ce66b1668e82900015ad6bc,00132,bonjour tout le monde,29,44
5ce6b29868e82900015ad6d4,00064,bonjour tout le monde,4,27
5ce6ef1368e82900015ad6da,00052,bonjour tout le monde,3,37
5ce7388768e82900015ad6dd,00039,bonjour tout le monde,13,25
5ce7a95d68e82900015ad6e4,00009,bonjour tout le monde,0,24
5ce7f68d68e82900015ad6f1,00003,bonjour tout le monde,9,40
5ce8058968e82900015ad6f7,00026,bonjour tout le monde,4,32
5cebc45b68e82900015ad702,00062,bonjour tout le monde,9,21
5cebc84268e82900015ad703,00070,bonjour tout le monde,11,35
5ced114e68e82900015ad716,00052,bonjour tout le monde,2,22
5cee813568e82900015ad71b,00086,bonjour tout le monde,0,15
5cee859b68e82900015ad71c,00071,bonjour tout le monde,0,14
5cee951d68e82900015ad71d,00095,bonjour tout le monde,0,0
5cee951d68e82900015ad71e,00095,bonjour tout le monde,0,0
5cf0fa2168e82900015ad722,00064,bonjour tout le monde,6,25
5cf4f25868e82900015ad730,00095,bonjour tout le monde,0,0
5cf4f25868e82900015ad731,00095,bonjour tout le monde,15,32
5cf524f468e82900015ad736,00086,bonjour tout le monde,1,23
5cf5258868e82900015ad737,00040,bonjour tout le monde,4,13
5cf633ac68e82900015ad740,00003,bonjour tout le monde,10,46
5cf639d868e82900015ad747,00142,bonjour tout le monde,3,28
5cf765c668e82900015ad754,00174,bonjour tout le monde,31,1
5cfa7cf968e82900015ad76d,00086,bonjour tout le monde,0,7
5cfe5b7e68e82900015ad77b,00086,bonjour tout le monde,0,2
5cfe5b7e68e82900015ad77c,00086,bonjour tout le monde,0,4
5cfe5b7e68e82900015ad77d,00086,bonjour tout le monde,0,3
5cfe5b7e68e82900015ad77e,00086,bonjour tout le monde,0,3
5cfe5b7e68e82900015ad77f,00086,bonjour tout le monde,0,2
5cfe5b7e68e82900015ad780,00086,bonjour tout le monde,0,3
5cfe5b7e68e82900015ad781,00086,bonjour tout le monde,0,5
5cfe5b7e68e82900015ad782,00086,bonjour tout le monde,0,1
5cfe5b7e68e82900015ad783,00086,bonjour tout le monde,0,3
5cfe5b7e68e82900015ad784,00086,bonjour tout le monde,1,2
5cfe5b7e68e82900015ad785,00086,bonjour tout le monde,0,2
5cfe5b7e68e82900015ad786,00086,bonjour tout le monde,1,4
5cfe5b7e68e82900015ad787,00086,bonjour tout le monde,0,1
5cfe5b7e68e82900015ad788,00086,bonjour tout le monde,2,31
5cfe639068e82900015ad78a,00007,bonjour tout le monde,0,0
5cfe639068e82900015ad78b,00007,bonjour tout le monde,0,0
5cfe639068e82900015ad78c,00007,bonjour tout le monde,0,0
5cfe639068e82900015ad78d,00007,bonjour tout le monde,0,0
5cfe695e68e82900015ad78f,00007,bonjour tout le monde,0,2
5cfe695e68e82900015ad790,00007,bonjour tout le monde,0,4
5cfe695e68e82900015ad791,00007,bonjour tout le monde,0,2
5cfe695e68e82900015ad792,00007,bonjour tout le monde,0,2
5cfe695e68e82900015ad793,00007,bonjour tout le monde,0,2
5cfe695e68e82900015ad794,00007,bonjour tout le monde,3,28
5d02402f3bdd45000151eb01,00176,bonjour tout le monde,3,13
5d035dcb3bdd45000151eb05,00067,bonjour tout le monde,2,19
5d03bb893bdd45000151eb08,00003,bonjour tout le monde,9,18
5d03bc353bdd45000151eb09,00003,bonjour tout le monde,7,21
5d03d3dd3bdd45000151eb0c,00079,bonjour tout le monde,0,1
5d03d3dd3bdd45000151eb0d,00079,bonjour tout le monde,0,1
5d03d3dd3bdd45000151eb0e,00079,bonjour tout le monde,0,1
5d03d3dd3bdd45000151eb0f,00079,bonjour tout le monde,2,33
5d03fd993bdd45000151eb13,00012,bonjour tout le monde,0,0
5d03fd993bdd45000151eb14,00012,bonjour tout le monde,0,0
5d03fd993bdd45000151eb15,00012,bonjour tout le monde,0,0
5d03fd993bdd45000151eb16,00012,bonjour tout le monde,0,0
5d03fd993bdd45000151eb17,00012,bonjour tout le monde,0,0
5d03fd993bdd45000151eb18,00012,bonjour tout le monde,2,30
5d0400343bdd45000151eb19,00148,bonjour tout le monde,1,30
5d076f163bdd45000151eb2b,00054,bonjour tout le monde,16,45
5d07cc7e3bdd45000151eb37,00039,bonjour tout le monde,12,39
5d08a71d3bdd45000151eb47,00139,bonjour tout le monde,20,31
5d08b13d3bdd45000151eb4e,00127,bonjour tout le monde,0,2
5d08b13d3bdd45000151eb4f,00127,bonjour tout le monde,0,3
5d08b13d3bdd45000151eb50,00127,bonjour tout le monde,0,3
5d08bd993bdd45000151eb59,00062,bonjour tout le monde,4,14
5d08cc273bdd45000151eb62,00036,bonjour tout le monde,8,18
5d08e9873bdd45000151eb66,00178,bonjour tout le monde,3,31
5d090fd23bdd45000151eb6c,00141,bonjour tout le monde,0,1
5d090fd23bdd45000151eb6d,00141,bonjour tout le monde,0,3
5d090fd23bdd45000151eb6e,00141,bonjour tout le monde,1,8
5d090fd23bdd45000151eb6f,00141,bonjour tout le monde,6,24
5d092ef33bdd45000151eb78,00057,bonjour tout le monde,12,42
5d0a14c03bdd45000151eb8c,00138,bonjour tout le monde,24,38
5d0a20bc3bdd45000151eb96,00066,bonjour tout le monde,0,10
5d0b3fbb3bdd45000151eba3,00099,bonjour tout le monde,1,25
5d0b87333bdd45000151ebb6,00092,bonjour tout le monde,0,7
5d0b8cb13bdd45000151ebb7,00039,bonjour tout le monde,18,48
5d0b92ba3bdd45000151ebbf,00086,bonjour tout le monde,0,18
5d0ce2f93bdd45000151ebd3,00038,bonjour tout le monde,12,38
5d0d27a53bdd45000151ebdf,00125,bonjour tout le monde,0,14
5d107f5a3bdd45000151ebe5,00003,bonjour tout le monde,4,31
5d10ca413bdd45000151ebeb,00094,bonjour tout le monde,1,23
5d10e5283bdd45000151ebef,00066,bonjour tout le monde,9,35
5d10f52b3bdd45000151ebf9,00086,bonjour tout le monde,1,12
5d11a1b93bdd45000151ebfd,00002,bonjour tout le monde,2,27
5d11eb743bdd45000151ec00,00176,bonjour tout le monde,5,17
5d121eb43bdd45000151ec05,00142,bonjour tout le monde,0,18
5d123cc23bdd45000151ec0a,00003,bonjour tout le monde,12,27
5d124f233bdd45000151ec0e,00142,bonjour tout le monde,15,36
5d1375763bdd45000151ec2e,00094,bonjour tout le monde,1,21
5d137a213bdd45000151ec31,00056,bonjour tout le monde,11,32
5d137f383bdd45000151ec39,00012,bonjour tout le monde,18,36
5d1492153bdd45000151ec50,00177,bonjour tout le monde,4,34
5d14f5313bdd45000151ec60,00161,bonjour tout le monde,27,39
5d150c1e3bdd45000151ec66,00011,bonjour tout le monde,5,25
5d15bf3f3bdd45000151ec6d,00012,bonjour tout le monde,0,11
5d1628633bdd45000151ec7b,00199,bonjour tout le monde,1,24
5d19e0663bdd45000151ec86,00127,bonjour tout le monde,0,0
5d19e0663bdd45000151ec87,00127,bonjour tout le monde,0,0
5d19e0663bdd45000151ec88,00127,bonjour tout le monde,0,0
5d1b5a8e3bdd45000151ec8e,00052,bonjour tout le monde,0,16
5d1b64f93bdd45000151ec8f,00018,bonjour tout le monde,9,39
5d1b95823bdd45000151ec96,00132,bonjour tout le monde,9,33
5d1bcf5a3bdd45000151ec9b,nan,bonjour tout le monde,0,8
5d1bcf5a3bdd45000151ec9c,nan,bonjour tout le monde,0,5
5d1bcf5a3bdd45000151ec9d,nan,bonjour tout le monde,0,7
5d1bcf5a3bdd45000151ec9e,nan,bonjour tout le monde,0,4
5d1bcf5a3bdd45000151ec9f,nan,bonjour tout le monde,0,2
5d1bcf5a3bdd45000151eca0,nan,bonjour tout le monde,0,2
5d1bcf5a3bdd45000151eca1,nan,bonjour tout le monde,0,5
5d1bcf5a3bdd45000151eca2,00118,bonjour tout le monde,2,38
5d1c7f7f3bdd45000151eca8,00086,bonjour tout le monde,5,6
5d1c98b23bdd45000151ecae,00144,bonjour tout le monde,4,36
5d1c9bde3bdd45000151ecaf,00079,bonjour tout le monde,15,46
5d1dd63e3bdd45000151ecc4,00086,bonjour tout le monde,0,7
5d1f09423bdd45000151eccf,00198,bonjour tout le monde,3,25
5d1f29283bdd45000151ecd2,00125,bonjour tout le monde,1,21
5d1f306c3bdd45000151ecd3,00003,bonjour tout le monde,2,25
5d1f793c3bdd45000151ecd7,nan,bonjour tout le monde,0,2
5d1f793c3bdd45000151ecd8,nan,bonjour tout le monde,0,3
5d1f793c3bdd45000151ecd9,nan,bonjour tout le monde,0,2
5d1f793c3bdd45000151ecda,00056,bonjour tout le monde,21,42
5d230f583bdd45000151ecea,00199,bonjour tout le monde,1,20
5d247f683bdd45000151ecf5,00096,bonjour tout le monde,20,40
5d249c123bdd45000151ecfd,00064,bonjour tout le monde,0,26
5d249e023bdd45000151ed02,00024,bonjour tout le monde,26,40
5d26073e3bdd45000151ed2b,00037,bonjour tout le monde,17,29
5d26f84a3bdd45000151ed38,00199,bonjour tout le monde,4,21
5d27545a3bdd45000151ed46,00052,bonjour tout le monde,1,21
5d2884393bdd45000151ed4b,00086,bonjour tout le monde,2,20
5d2c90183bdd45000151ed4e,00037,bonjour tout le monde,17,39
5d2d9c693bdd45000151ed62,00051,bonjour tout le monde,27,51
5d2dde603bdd45000151ed76,00003,bonjour tout le monde,7,29
5d2de1553bdd45000151ed78,00003,bonjour tout le monde,11,33
5d2ee8cc3bdd45000151ed8d,00095,bonjour tout le monde,20,22
5d2ef8d33bdd45000151ed96,00071,bonjour tout le monde,4,31
5d3022773bdd45000151edac,00064,bonjour tout le monde,24,43
5d3025933bdd45000151edae,00003,bonjour tout le monde,3,25
5d3089243bdd45000151edc8,00181,bonjour tout le monde,14,37
5d30abef3bdd45000151edd4,00051,bonjour tout le monde,0,0
5d30abef3bdd45000151edd5,00051,bonjour tout le monde,0,0
5d30ac343bdd45000151edd7,00051,bonjour tout le monde,0,1
5d30ac343bdd45000151edd8,00051,bonjour tout le monde,0,1
5d30ac343bdd45000151edd9,00051,bonjour tout le monde,8,40
5d3172ab3bdd45000151ede4,00144,bonjour tout le monde,7,31
5d31a92d3bdd45000151edef,00183,bonjour tout le monde,18,28
5d31b8b43bdd45000151edf6,00152,bonjour tout le monde,0,11
5d35cfdf3bdd45000151ee06,00199,bonjour tout le monde,0,0
5d35cfdf3bdd45000151ee07,00199,bonjour tout le monde,18,45
5d35f5403bdd45000151ee11,00051,bonjour tout le monde,4,28
5d362090c9201e0001b7a18d,00152,bonjour tout le monde,0,6
5d36cc91c9201e0001b7a192,00086,bonjour tout le monde,1,5
5d3738eec9201e0001b7a1aa,00057,bonjour tout le monde,35,61
5d380f87c9201e0001b7a1c3,00144,bonjour tout le monde,0,4
5d380f87c9201e0001b7a1c4,00144,bonjour tout le monde,0,4
5d380f87c9201e0001b7a1c5,00144,bonjour tout le monde,0,4
5d380f87c9201e0001b7a1c6,00144,bonjour tout le monde,3,6
5d380f87c9201e0001b7a1c7,00144,bonjour tout le monde,0,3
5d380f87c9201e0001b7a1c8,00144,bonjour tout le monde,5,46
5d384214c9201e0001b7a1df,00086,bonjour tout le monde,18,36
5d38593ac9201e0001b7a1e7,00039,bonjour tout le monde,10,42
5d38768fc9201e0001b7a1f6,00086,bonjour tout le monde,0,22
5d39d3adc9201e0001b7a200,00026,bonjour tout le monde,6,32
5d3e265cc9201e0001b7a209,00001,bonjour tout le monde,0,0
5d3e265cc9201e0001b7a20a,00001,bonjour tout le monde,0,0
5d3e265cc9201e0001b7a20b,00001,bonjour tout le monde,0,0
5d3e265cc9201e0001b7a20c,00001,bonjour tout le monde,0,0
5d3e26a8c9201e0001b7a20e,00001,bonjour tout le monde,0,0
5d3e26a8c9201e0001b7a20f,00001,bonjour tout le monde,0,0
5d3e26a8c9201e0001b7a210,00001,bonjour tout le monde,0,0
5d3e2819c9201e0001b7a212,nan,bonjour tout le monde,0,5
5d3e2819c9201e0001b7a213,nan,bonjour tout le monde,0,3
5d3e2819c9201e0001b7a214,nan,bonjour tout le monde,1,4
5d3e2819c9201e0001b7a215,00001,bonjour tout le monde,21,45
5d3eb410c9201e0001b7a21c,00097,bonjour tout le monde,7,33
5d3eed32c9201e0001b7a22c,00086,bonjour tout le monde,0,22
5d3f15adc9201e0001b7a234,00125,bonjour tout le monde,6,36
5d400c22c9201e0001b7a236,00001,bonjour tout le monde,40,56
5d41a9b6c9201e0001b7a268,00138,bonjour tout le monde,5,31
5d42c0cfc9201e0001b7a26e,nan,bonjour tout le monde,0,1
5d42c0cfc9201e0001b7a26f,nan,bonjour tout le monde,0,0
5d42c0cfc9201e0001b7a270,nan,bonjour tout le monde,0,0
5d42c0cfc9201e0001b7a271,00129,bonjour tout le monde,7,33
5d482599c9201e0001b7a281,00064,bonjour tout le monde,18,38
5d492ccec9201e0001b7a291,00011,bonjour tout le monde,1,37
5d494426c9201e0001b7a295,00176,bonjour tout le monde,3,28
5d49507ac9201e0001b7a29b,00139,bonjour tout le monde,35,37
5d495bb3c9201e0001b7a2a8,00051,bonjour tout le monde,7,32
5d4c332fc9201e0001b7a2c4,00150,bonjour tout le monde,6,34
5d4c33dbc9201e0001b7a2c5,00057,bonjour tout le monde,0,32
5d4d601ec9201e0001b7a2ce,00086,bonjour tout le monde,3,36
5d4d6e84c9201e0001b7a2cf,00127,bonjour tout le monde,25,33
5d526fa1c9201e0001b7a2e6,00086,bonjour tout le monde,5,38
5d52b7d6c9201e0001b7a2f2,00086,bonjour tout le monde,0,20
5d53ffb6c9201e0001b7a2f4,00086,bonjour tout le monde,0,14
5d5406dec9201e0001b7a2f5,00056,bonjour tout le monde,12,36
5d5577c8c9201e0001b7a303,00051,bonjour tout le monde,8,29
5d558c77c9201e0001b7a308,00092,bonjour tout le monde,12,32
5d56d2f7c9201e0001b7a319,nan,bonjour tout le monde,0,2
5d56d2f7c9201e0001b7a31a,nan,bonjour tout le monde,0,1
5d56d2f7c9201e0001b7a31b,nan,bonjour tout le monde,0,1
5d56d2f7c9201e0001b7a31c,00056,bonjour tout le monde,9,26
5d5a71e6c9201e0001b7a329,00097,bonjour tout le monde,7,29
5d5aa334c9201e0001b7a32f,00086,bonjour tout le monde,0,17
5d5bfceec9201e0001b7a331,00086,bonjour tout le monde,0,14
5d5d9e60c9201e0001b7a332,00213,bonjour tout le monde,3,36
5d5eb25d681f3400018e4de7,00052,bonjour tout le monde,8,42
5d5feb03681f3400018e4dee,00178,bonjour tout le monde,24,34
5d6641e4681f3400018e4e0f,00058,bonjour tout le monde,0,1
5d6641e4681f3400018e4e10,00058,bonjour tout le monde,0,2
5d6641e4681f3400018e4e11,00058,bonjour tout le monde,0,1
5d6641e4681f3400018e4e12,00058,bonjour tout le monde,0,2
5d6641e4681f3400018e4e13,00058,bonjour tout le monde,12,25
5d6648fa681f3400018e4e14,00086,bonjour tout le monde,10,10
5d666ac1681f3400018e4e1a,00026,bonjour tout le monde,16,46
5d66d217681f3400018e4e2b,00018,bonjour tout le monde,11,60
5d67e07f681f3400018e4e3c,00142,bonjour tout le monde,0,2
5d67e07f681f3400018e4e3d,00142,bonjour tout le monde,0,1
5d67e07f681f3400018e4e3e,00142,bonjour tout le monde,0,1
5d67e07f681f3400018e4e3f,00142,bonjour tout le monde,0,3
5d67e07f681f3400018e4e40,00142,bonjour tout le monde,0,2
5d67e07f681f3400018e4e41,00142,bonjour tout le monde,0,1
5d67e07f681f3400018e4e42,00142,bonjour tout le monde,0,5
5d67e07f681f3400018e4e43,00142,bonjour tout le monde,0,2
5d67e07f681f3400018e4e44,00142,bonjour tout le monde,23,35
5d692995681f3400018e4e66,00086,bonjour tout le monde,0,30
5d6c3b34681f3400018e4e68,nan,bonjour tout le monde,0,7
5d6c3b34681f3400018e4e69,nan,bonjour tout le monde,0,4
5d6c3b34681f3400018e4e6a,00096,bonjour tout le monde,10,41
5d6cdd77681f3400018e4e71,00086,bonjour tout le monde,0,28
5d6cf8dd681f3400018e4e75,00118,bonjour tout le monde,3,9
5d6d021c681f3400018e4e77,00118,bonjour tout le monde,4,46
5d6d1327681f3400018e4e7c,00086,bonjour tout le monde,0,6
5d6d1327681f3400018e4e7d,00086,bonjour tout le monde,0,3
5d6d1327681f3400018e4e7e,00086,bonjour tout le monde,0,3
5d6d1327681f3400018e4e7f,00086,bonjour tout le monde,1,2
5d6d1327681f3400018e4e80,00086,bonjour tout le monde,0,1
5d6d1327681f3400018e4e81,00086,bonjour tout le monde,0,0
5d6d1327681f3400018e4e82,00086,bonjour tout le monde,0,1
5d6d1327681f3400018e4e83,00086,bonjour tout le monde,0,0
5d6d1327681f3400018e4e84,00086,bonjour tout le monde,0,0
5d6d1327681f3400018e4e85,00086,bonjour tout le monde,0,1
5d6d1327681f3400018e4e86,00086,bonjour tout le monde,0,38
5d6e3383681f3400018e4e92,00144,bonjour tout le monde,4,13
5d6e4e17681f3400018e4e94,00138,bonjour tout le monde,2,19
5d6e683a681f3400018e4e98,00183,bonjour tout le monde,9,30
5d6f6ded681f3400018e4ea0,00132,bonjour tout le monde,13,42
5d6f8370681f3400018e4eab,00086,bonjour tout le monde,6,10
5d6f9fd9681f3400018e4eb2,00174,bonjour tout le monde,2,19
5d7123d4681f3400018e4ebe,00199,bonjour tout le monde,0,0
5d7123d4681f3400018e4ebf,00199,bonjour tout le monde,0,0
5d7123d4681f3400018e4ec0,00199,bonjour tout le monde,0,0
5d7123d4681f3400018e4ec1,00199,bonjour tout le monde,5,6
5d713094681f3400018e4ec5,00183,bonjour tout le monde,7,22
5d72133d681f3400018e4ecf,00056,bonjour tout le monde,5,28
5d721e20681f3400018e4ed4,00066,bonjour tout le monde,0,1
5d721e20681f3400018e4ed5,00066,bonjour tout le monde,0,1
5d721e20681f3400018e4ed6,00066,bonjour tout le monde,3,1
5d721e20681f3400018e4ed7,00066,bonjour tout le monde,8,20
5d723228681f3400018e4edf,00066,bonjour tout le monde,2,28
5d72580e681f3400018e4ee2,00024,bonjour tout le monde,10,31
5d726c7c681f3400018e4ee4,00164,bonjour tout le monde,0,1
5d726c7c681f3400018e4ee5,00164,bonjour tout le monde,0,1
5d726c7c681f3400018e4ee6,00164,bonjour tout le monde,0,0
5d726c7c681f3400018e4ee7,00164,bonjour tout le monde,0,0
5d726c7c681f3400018e4ee8,00164,bonjour tout le monde,0,0
5d726c7c681f3400018e4ee9,00164,bonjour tout le monde,0,0
5d726c7c681f3400018e4eea,00164,bonjour tout le monde,0,1
5d726c7c681f3400018e4eeb,00164,bonjour tout le monde,2,30
5d7531cb681f3400018e4efd,00174,bonjour tout le monde,1,15
5d760fbe681f3400018e4f00,00125,bonjour tout le monde,0,4
5d7626cb681f3400018e4f01,00051,bonjour tout le monde,7,15
5d762955681f3400018e4f04,00129,bonjour tout le monde,8,18
5d762bfe681f3400018e4f05,00181,bonjour tout le monde,8,22
5d76333a681f3400018e4f08,00018,bonjour tout le monde,6,16
5d7634e1681f3400018e4f0c,00144,bonjour tout le monde,6,16
5d763acd681f3400018e4f0d,00092,bonjour tout le monde,8,18
5d763c8e681f3400018e4f0e,00062,bonjour tout le monde,7,20
5d777a95681f3400018e4f1f,00118,bonjour tout le monde,12,21
5d7786e8681f3400018e4f28,00213,bonjour tout le monde,2,23
5d7796d8681f3400018e4f31,00006,bonjour tout le monde,8,23
5d77c4ca681f3400018e4f3a,00062,bonjour tout le monde,6,25
5d77cdb6681f3400018e4f3d,00064,bonjour tout le monde,4,23
5d77f908681f3400018e4f41,00097,bonjour tout le monde,11,25
5d78f841681f3400018e4f5e,00004,bonjour tout le monde,6,14
5d7a07cf681f3400018e4f66,00160,bonjour tout le monde,8,25
5d7a3966681f3400018e4f6a,00010,bonjour tout le monde,0,3
5d7a3966681f3400018e4f6b,00010,bonjour tout le monde,1,2
5d7a3966681f3400018e4f6c,00010,bonjour tout le monde,2,30
5d7c2da9681f3400018e4f87,00125,bonjour tout le monde,0,9
5d7f37ed681f3400018e4f88,00118,bonjour tout le monde,0,9
5d80bd4e681f3400018e4f8b,00052,bonjour tout le monde,0,20
5d81082c681f3400018e4f8c,00096,bonjour tout le monde,0,12
5d81f691681f3400018e4f8e,00104,bonjour tout le monde,5,15
5d81f7b6681f3400018e4f91,00026,bonjour tout le monde,19,25
5d8231c9681f3400018e4f9e,00096,bonjour tout le monde,0,0
5d8231c9681f3400018e4f9f,00096,bonjour tout le monde,0,0
5d8231c9681f3400018e4fa0,00096,bonjour tout le monde,9,20
5d824703681f3400018e4fa6,00079,bonjour tout le monde,9,36
5d835069681f3400018e4fbf,00126,bonjour tout le monde,13,47
5d838148681f3400018e4fc7,nan,bonjour tout le monde,0,0
5d838148681f3400018e4fc8,nan,bonjour tout le monde,0,0
5d838148681f3400018e4fc9,nan,bonjour tout le monde,2,1
5d838148681f3400018e4fca,00096,bonjour tout le monde,11,34
5d83a938681f3400018e4fd5,00068,bonjour tout le monde,11,40
5d84afb3681f3400018e4fe3,00125,bonjour tout le monde,4,14
5d85857c681f3400018e4fec,00014,bonjour tout le monde,45,52
5d87467b681f3400018e4ffe,00003,bonjour tout le monde,3,20
5d8769fe681f3400018e5000,nan,bonjour tout le monde,3,1
5d8769fe681f3400018e5001,nan,bonjour tout le monde,0,1
5d8769fe681f3400018e5002,nan,bonjour tout le monde,0,1
5d8769fe681f3400018e5003,nan,bonjour tout le monde,0,1
5d8769fe681f3400018e5004,nan,bonjour tout le monde,0,0
5d8769fe681f3400018e5005,nan,bonjour tout le monde,0,0
5d8769fe681f3400018e5006,00007,bonjour tout le monde,10,30
5d887a25681f3400018e501d,00011,bonjour tout le monde,0,0
5d887a25681f3400018e501e,00011,bonjour tout le monde,0,0
5d887a25681f3400018e501f,00011,bonjour tout le monde,0,1
5d887a25681f3400018e5020,00011,bonjour tout le monde,0,0
5d887a25681f3400018e5021,00011,bonjour tout le monde,0,0
5d887a25681f3400018e5022,00011,bonjour tout le monde,0,0
5d887a25681f3400018e5023,00011,bonjour tout le monde,0,0
5d887a25681f3400018e5024,00011,bonjour tout le monde,0,0
5d887a25681f3400018e5025,00011,bonjour tout le monde,0,23
5d8897b8681f3400018e502f,00118,bonjour tout le monde,26,40
5d88da23681f3400018e5042,00183,bonjour tout le monde,19,33
5d89ce77681f3400018e5068,00064,bonjour tout le monde,0,27
5d89eecf681f3400018e506a,00066,bonjour tout le monde,1,18
5d8a0170681f3400018e506c,00002,bonjour tout le monde,0,21
5d8b4826681f3400018e506e,00142,bonjour tout le monde,0,2
5d8b4826681f3400018e506f,00142,bonjour tout le monde,0,1
5d8b4826681f3400018e5070,00142,bonjour tout le monde,0,0
5d8b4826681f3400018e5071,00142,bonjour tout le monde,0,0
5d8b4826681f3400018e5072,00142,bonjour tout le monde,0,4
5d8b4826681f3400018e5073,00142,bonjour tout le monde,0,2
5d8b4826681f3400018e5074,00142,bonjour tout le monde,15,35
5d8b884b681f3400018e5081,00070,bonjour tout le monde,0,1
5d8b884b681f3400018e5082,00070,bonjour tout le monde,0,2
5d8b884b681f3400018e5083,00070,bonjour tout le monde,16,34
5d8cc313681f3400018e509b,00125,bonjour tout le monde,0,16
5d8cc4b0681f3400018e509c,00142,bonjour tout le monde,16,31
5d8cc5a5681f3400018e509f,00064,bonjour tout le monde,5,22
5d90a92d681f3400018e50b9,nan,bonjour tout le monde,0,0
5d90a92d681f3400018e50ba,nan,bonjour tout le monde,0,0
5d90a92d681f3400018e50bb,nan,bonjour tout le monde,0,0
5d90a92d681f3400018e50bc,nan,bonjour tout le monde,1,24
5d90ad46681f3400018e50bd,nan,bonjour tout le monde,0,0
5d90ec33681f3400018e50bf,00040,bonjour tout le monde,0,0
5d90ec33681f3400018e50c0,00040,bonjour tout le monde,0,0
5d90ec33681f3400018e50c1,00040,bonjour tout le monde,9,25
5d91e120681f3400018e50c9,00039,bonjour tout le monde,22,38
5d91fd92681f3400018e50db,00115,bonjour tout le monde,14,13
5d920cc2681f3400018e50dd,00150,bonjour tout le monde,12,33
5d924d22681f3400018e50ef,00138,bonjour tout le monde,41,26
5d936fb7681f3400018e5127,00089,bonjour tout le monde,18,28
5d9372b8681f3400018e512c,00115,bonjour tout le monde,12,43
5d9464cb681f3400018e5149,00198,bonjour tout le monde,20,27
5d947356681f3400018e5151,00005,bonjour tout le monde,9,28
5d947e48681f3400018e5155,00056,bonjour tout le monde,5,35
5d94b2da681f3400018e5165,00115,bonjour tout le monde,4,19
5d94d606681f3400018e516c,00026,bonjour tout le monde,9,33
5d95a583681f3400018e5174,00037,bonjour tout le monde,18,36
5d95afd3681f3400018e5177,00144,bonjour tout le monde,3,8
5d95c7c8681f3400018e518c,00115,bonjour tout le monde,0,0
5d95c7c8681f3400018e518d,00115,bonjour tout le monde,0,19
5d95fc0e681f3400018e5191,00003,bonjour tout le monde,2,20
5d9605f4681f3400018e5193,00115,bonjour tout le monde,0,2
5d9605f4681f3400018e5194,00115,bonjour tout le monde,15,35
5d96fdd7681f3400018e51a7,00092,bonjour tout le monde,0,0
5d96fdd7681f3400018e51a8,00092,bonjour tout le monde,0,0
5d970434681f3400018e51aa,00115,bonjour tout le monde,0,0
5d970434681f3400018e51ab,00115,bonjour tout le monde,0,0
5d970434681f3400018e51ac,00115,bonjour tout le monde,0,35
5d974d87681f3400018e51b2,00115,bonjour tout le monde,3,31
5d9b0b14681f3400018e51ba,00115,bonjour tout le monde,7,30
5d9b4091681f3400018e51bf,00125,bonjour tout le monde,1,12
5d9b4a9b681f3400018e51c1,00052,bonjour tout le monde,0,17
5d9b58a3681f3400018e51c5,00147,bonjour tout le monde,7,33
5d9c8722681f3400018e51cf,00213,bonjour tout le monde,3,13
5d9c9398681f3400018e51d1,00001,bonjour tout le monde,56,10
5d9dae30681f3400018e5204,00052,bonjour tout le monde,0,15
5d9df726681f3400018e520d,00094,bonjour tout le monde,9,23
5d9f063c681f3400018e521b,00149,bonjour tout le monde,10,36
5d9f0cdf681f3400018e5221,00001,bonjour tout le monde,3,14
5d9f3122681f3400018e5228,00138,bonjour tout le monde,7,26
5d9f5121681f3400018e522d,00138,bonjour tout le monde,8,28
5d9f5266681f3400018e522f,00214,bonjour tout le monde,5,33
5da077c4681f3400018e523d,00198,bonjour tout le monde,7,21
5da080ea681f3400018e5242,00115,bonjour tout le monde,8,16
5da0a4ae681f3400018e5250,00064,bonjour tout le monde,7,30
5da1a67c681f3400018e525b,00037,bonjour tout le monde,3,31
5da44165681f3400018e525f,00115,bonjour tout le monde,2,15
5da45e7a681f3400018e5260,00003,bonjour tout le monde,9,20
5da46ea4681f3400018e5264,00012,bonjour tout le monde,5,25
5da47eaa681f3400018e526b,00198,bonjour tout le monde,16,33
5da48758681f3400018e5271,00150,bonjour tout le monde,0,0
5da48758681f3400018e5272,00150,bonjour tout le monde,0,0
5da48758681f3400018e5273,00150,bonjour tout le monde,0,0
5da48758681f3400018e5274,00150,bonjour tout le monde,0,0
5da48758681f3400018e5275,00150,bonjour tout le monde,0,1
5da48758681f3400018e5276,00150,bonjour tout le monde,0,0
5da48758681f3400018e5277,00150,bonjour tout le monde,13,37
5da4c520681f3400018e5292,00138,bonjour tout le monde,4,9
5da6cd4efe4b0f0001aac84e,00125,bonjour tout le monde,5,5
5da6e2f6fe4b0f0001aac859,00094,bonjour tout le monde,0,0
5da6e2f6fe4b0f0001aac85a,00094,bonjour tout le monde,0,3
5da6e2f6fe4b0f0001aac85b,00094,bonjour tout le monde,8,28
5da709a3fe4b0f0001aac863,00005,bonjour tout le monde,20,26
5da71295fe4b0f0001aac86d,00138,bonjour tout le monde,3,6
5da73af8fe4b0f0001aac878,00198,bonjour tout le monde,2,32
5da744fa1c8c1900011bafaf,00125,bonjour tout le monde,3,9
5da827d61c8c1900011bafba,00138,bonjour tout le monde,4,40
5da842611c8c1900011bafbf,00064,bonjour tout le monde,7,33
5da8d7391c8c1900011bafca,00175,bonjour tout le monde,8,46
5da9bbbb1c8c1900011bafd9,00199,bonjour tout le monde,4,25
5da9c09a1c8c1900011bafda,00040,bonjour tout le monde,0,0
5da9c09a1c8c1900011bafdb,00040,bonjour tout le monde,0,0
5da9c12e1c8c1900011bafdd,00132,bonjour tout le monde,0,1
5da9c12e1c8c1900011bafde,00132,bonjour tout le monde,1,5
5da9c12e1c8c1900011bafdf,00132,bonjour tout le monde,20,35
5da9c21c1c8c1900011bafe1,00115,bonjour tout le monde,16,19
5da9c9001c8c1900011baff9,00066,bonjour tout le monde,14,16
5daaee811c8c1900011bb018,00005,bonjour tout le monde,9,23
5dac4a9f1c8c1900011bb028,00001,bonjour tout le monde,8,15
5dad9d681c8c1900011bb049,00208,bonjour tout le monde,5,18
5dadb8dd1c8c1900011bb054,00104,bonjour tout le monde,8,19
5dadc9f31c8c1900011bb05b,00198,bonjour tout le monde,0,2
5dadc9f31c8c1900011bb05c,00198,bonjour tout le monde,2,7
5dadc9f31c8c1900011bb05d,00198,bonjour tout le monde,30,30
5dae16b41c8c1900011bb078,00018,bonjour tout le monde,22,47
5daecd141c8c1900011bb092,00138,bonjour tout le monde,10,32
5daef2c91c8c1900011bb0a2,00142,bonjour tout le monde,4,25
5daf04f91c8c1900011bb0a9,00132,bonjour tout le monde,0,5
5daf04f91c8c1900011bb0aa,00132,bonjour tout le monde,0,3
5daf04f91c8c1900011bb0ab,00132,bonjour tout le monde,0,4
5daf04f91c8c1900011bb0ac,00132,bonjour tout le monde,4,24
5daf07521c8c1900011bb0ae,00152,bonjour tout le monde,0,11
5daf139a1c8c1900011bb0b1,00056,bonjour tout le monde,13,29
5daf39931c8c1900011bb0bb,00190,bonjour tout le monde,11,22
5daf3fce1c8c1900011bb0c0,00026,bonjour tout le monde,11,26
5daf48721c8c1900011bb0c6,00056,bonjour tout le monde,14,29
5daf6cdb1c8c1900011bb0d0,00079,bonjour tout le monde,15,30
5daf71db1c8c1900011bb0e2,00138,bonjour tout le monde,14,33
5db074681c8c1900011bb103,00138,bonjour tout le monde,7,26
5db1600f1c8c1900011bb10e,00001,bonjour tout le monde,20,29
5db169501c8c1900011bb11b,00152,bonjour tout le monde,0,12
5db1f1011c8c1900011bb129,00138,bonjour tout le monde,12,29
5db1f53e1c8c1900011bb130,00198,bonjour tout le monde,6,22
5db1f97e1c8c1900011bb133,00037,bonjour tout le monde,10,28
5db21cad1c8c1900011bb145,00152,bonjour tout le monde,0,8
5db2ba121c8c1900011bb14f,00152,bonjour tout le monde,3,10
5db2bf731c8c1900011bb151,00118,bonjour tout le monde,10,29
5db2f71c1c8c1900011bb15e,00070,bonjour tout le monde,14,32
5db2fe5f1c8c1900011bb166,00115,bonjour tout le monde,14,16
5db3080d1c8c1900011bb177,00208,bonjour tout le monde,20,36
5db30bd41c8c1900011bb183,00132,bonjour tout le monde,0,28
5db394081c8c1900011bb197,00138,bonjour tout le monde,6,32
5db438501c8c1900011bb19f,00193,bonjour tout le monde,0,1
5db438501c8c1900011bb1a0,00193,bonjour tout le monde,0,2
5db438501c8c1900011bb1a1,00193,bonjour tout le monde,2,1
5db438501c8c1900011bb1a2,00193,bonjour tout le monde,12,44
5db4ae0e1c8c1900011bb1b3,00174,bonjour tout le monde,0,0
5db4ae0e1c8c1900011bb1b4,00174,bonjour tout le monde,0,1
5db4ae0e1c8c1900011bb1b5,00174,bonjour tout le monde,0,1
5db4ae0e1c8c1900011bb1b6,00174,bonjour tout le monde,0,2
5db4ae0e1c8c1900011bb1b7,00174,bonjour tout le monde,0,0
5db4ae0e1c8c1900011bb1b8,00174,bonjour tout le monde,0,1
5db4ae0e1c8c1900011bb1b9,00174,bonjour tout le monde,0,1
5db4ae0e1c8c1900011bb1ba,00174,bonjour tout le monde,0,1
5db4ae0e1c8c1900011bb1bb,00174,bonjour tout le monde,7,46
5db4b2b11c8c1900011bb1bd,00024,bonjour tout le monde,11,33
5db6b97c1c8c1900011bb1ce,00014,bonjour tout le monde,20,40
5db6c6d31c8c1900011bb1db,00007,bonjour tout le monde,0,1
5db6c6d31c8c1900011bb1dc,00007,bonjour tout le monde,0,2
5db6c6d31c8c1900011bb1dd,00007,bonjour tout le monde,0,1
5db6c6d31c8c1900011bb1de,00007,bonjour tout le monde,0,3
5db6c6d31c8c1900011bb1df,00007,bonjour tout le monde,0,2
5db6c6d31c8c1900011bb1e0,00007,bonjour tout le monde,11,34
5db844c71c8c1900011bb1f6,00096,bonjour tout le monde,17,47
5db8691a1c8c1900011bb203,00026,bonjour tout le monde,0,1
5db8691a1c8c1900011bb204,00026,bonjour tout le monde,0,3
5db8691a1c8c1900011bb205,00026,bonjour tout le monde,12,34
5db93a1d1c8c1900011bb212,00118,bonjour tout le monde,6,10
5db9553b1c8c1900011bb218,00129,bonjour tout le monde,1,26
5db9e7b11c8c1900011bb220,00149,bonjour tout le monde,11,37
5dbaadd41c8c1900011bb22c,00039,bonjour tout le monde,4,32
5dbac0221c8c1900011bb230,00223,bonjour tout le monde,10,10
5dbac3ec1c8c1900011bb234,00056,bonjour tout le monde,13,31
5dbae50c1c8c1900011bb245,00126,bonjour tout le monde,0,6
5dbae6941c8c1900011bb246,00142,bonjour tout le monde,0,1
5dbae6941c8c1900011bb247,00142,bonjour tout le monde,0,0
5dbaebdc1c8c1900011bb24b,00115,bonjour tout le monde,0,7
5dbaebdc1c8c1900011bb24c,00115,bonjour tout le monde,1,4
5dbaebdc1c8c1900011bb24d,00115,bonjour tout le monde,1,7
5dbaebdc1c8c1900011bb24e,00115,bonjour tout le monde,6,22
5dbaeda21c8c1900011bb251,00026,bonjour tout le monde,0,2
5dbaeda21c8c1900011bb252,00026,bonjour tout le monde,0,1
5dbaeda21c8c1900011bb253,00026,bonjour tout le monde,0,1
5dbaeda21c8c1900011bb254,00026,bonjour tout le monde,0,1
5dbaeda21c8c1900011bb255,00026,bonjour tout le monde,0,2
5dbaeda21c8c1900011bb256,00026,bonjour tout le monde,13,26
5dbaf0f41c8c1900011bb25a,00142,bonjour tout le monde,9,18
5dbb0c7f19a6e40001f9893c,00198,bonjour tout le monde,12,18
5dbb5a1819a6e40001f98955,00018,bonjour tout le monde,27,47
5dbc216b19a6e40001f98972,00118,bonjour tout le monde,12,28
5dbc253f19a6e40001f98973,00118,bonjour tout le monde,1,14
5dbc4ceafd7d8500013c83ef,00115,bonjour tout le monde,10,9
5dbdaf91fd7d8500013c8401,00066,bonjour tout le monde,36,32
5dc1330ffd7d8500013c842a,00213,bonjour tout le monde,0,22
5dc14a6bfd7d8500013c842b,00226,bonjour tout le monde,11,30
5dc171d1fd7d8500013c8430,00039,bonjour tout le monde,22,32
5dc17ebafd7d8500013c8441,00174,bonjour tout le monde,10,19
5dc1a190fd7d8500013c8450,00001,bonjour tout le monde,40,59
5dc2aec8fd7d8500013c847e,00160,bonjour tout le monde,5,20
5dc2da3bfd7d8500013c8483,00026,bonjour tout le monde,13,26
5dc2db46fd7d8500013c8487,00001,bonjour tout le monde,0,1
5dc2db46fd7d8500013c8488,00001,bonjour tout le monde,0,1
5dc2db46fd7d8500013c8489,00001,bonjour tout le monde,20,35
5dc34dfbfd7d8500013c84a8,00181,bonjour tout le monde,0,0
5dc34dfbfd7d8500013c84a9,00181,bonjour tout le monde,0,1
5dc34dfbfd7d8500013c84aa,00181,bonjour tout le monde,0,0
5dc34dfbfd7d8500013c84ab,00181,bonjour tout le monde,0,0
5dc34dfbfd7d8500013c84ac,00181,bonjour tout le monde,0,0
5dc34dfbfd7d8500013c84ad,00181,bonjour tout le monde,0,0
5dc34dfbfd7d8500013c84ae,00181,bonjour tout le monde,13,36
5dc44fe7fd7d8500013c84c1,00198,bonjour tout le monde,5,28
5dc52c7db0ec160001c0c720,00160,bonjour tout le monde,0,12
5dc5335db0ec160001c0c721,00142,bonjour tout le monde,28,41
5dc99ea2400c9b0001cf22d7,00125,bonjour tout le monde,7,21
5dca6703400c9b0001cf22db,00152,bonjour tout le monde,6,22
5dcab2dc400c9b0001cf22e1,00001,bonjour tout le monde,9,21
5dcad07f400c9b0001cf22e6,00095,bonjour tout le monde,18,14
5dcad2ec400c9b0001cf22ea,00132,bonjour tout le monde,0,0
5dcad2ec400c9b0001cf22eb,00132,bonjour tout le monde,0,1
5dcad2ec400c9b0001cf22ec,00132,bonjour tout le monde,0,0
5dcad2ec400c9b0001cf22ed,00132,bonjour tout le monde,0,0
5dcad2ec400c9b0001cf22ee,00132,bonjour tout le monde,0,0
5dcad2ec400c9b0001cf22ef,00132,bonjour tout le monde,0,1
5dcad2ec400c9b0001cf22f0,00132,bonjour tout le monde,0,0
5dcad2ec400c9b0001cf22f1,00132,bonjour tout le monde,24,30
5dcb4d77400c9b0001cf2316,00001,bonjour tout le monde,2,5
5dcb4d77400c9b0001cf2317,00001,bonjour tout le monde,0,1
5dcb4d77400c9b0001cf2318,00001,bonjour tout le monde,0,2
5dcb4d77400c9b0001cf2319,00001,bonjour tout le monde,0,1
5dcb4d77400c9b0001cf231a,00001,bonjour tout le monde,0,1
5dcb4d77400c9b0001cf231b,00001,bonjour tout le monde,5,45
5dcbe497400c9b0001cf2325,00079,bonjour tout le monde,11,17
5dcbf01b400c9b0001cf232b,00026,bonjour tout le monde,20,35
5dcc1dc7400c9b0001cf233f,00104,bonjour tout le monde,13,38
5dcd210e400c9b0001cf235c,00217,bonjour tout le monde,13,9
5dcd2807400c9b0001cf235f,00189,bonjour tout le monde,2,6
5dcd2807400c9b0001cf2360,00189,bonjour tout le monde,0,0
5dcd2807400c9b0001cf2361,00189,bonjour tout le monde,12,30
5dcd2889400c9b0001cf2362,00189,bonjour tout le monde,1,6
5dcd3e72400c9b0001cf236e,00024,bonjour tout le monde,16,27
5dcd6b97400c9b0001cf237e,00066,bonjour tout le monde,13,23
5dcd6c2a400c9b0001cf2383,00115,bonjour tout le monde,11,37
5dcd8948400c9b0001cf238f,00022,bonjour tout le monde,20,27
5dcdacb9400c9b0001cf23a4,00003,bonjour tout le monde,8,27
5dce575f400c9b0001cf23b9,00066,bonjour tout le monde,3,17
5dce6990400c9b0001cf23bb,00064,bonjour tout le monde,17,34
5dce6be6400c9b0001cf23c1,00066,bonjour tout le monde,13,25
5dcec2e2400c9b0001cf23dd,00094,bonjour tout le monde,0,0
5dcec2e2400c9b0001cf23de,00094,bonjour tout le monde,0,0
5dcec503400c9b0001cf23e0,00094,bonjour tout le monde,0,2
5dcec503400c9b0001cf23e1,00094,bonjour tout le monde,0,2
5dcec503400c9b0001cf23e2,00094,bonjour tout le monde,4,23
5dceca21400c9b0001cf23e4,00225,bonjour tout le monde,0,0
5dceca21400c9b0001cf23e5,00225,bonjour tout le monde,4,29
5dcecbbb400c9b0001cf23e6,00225,bonjour tout le monde,0,19
5dcef8aa400c9b0001cf23ef,nan,bonjour tout le monde,0,0
5dcef8aa400c9b0001cf23f0,nan,bonjour tout le monde,0,0
5dcef8aa400c9b0001cf23f1,00040,bonjour tout le monde,3,26
5dd1c53c24bbaa0001f1daef,00051,bonjour tout le monde,16,50
5dd2f9e024bbaa0001f1db01,00067,bonjour tout le monde,0,4
5dd2f9e024bbaa0001f1db02,00067,bonjour tout le monde,0,1
5dd2f9e024bbaa0001f1db03,00067,bonjour tout le monde,0,2
5dd2f9e024bbaa0001f1db04,00067,bonjour tout le monde,13,26
5dd3a5df24bbaa0001f1db0b,00064,bonjour tout le monde,7,30
5dd4610524bbaa0001f1db1b,00138,bonjour tout le monde,0,33
5dd53c4d24bbaa0001f1db1e,00198,bonjour tout le monde,16,32
5dd6741e24bbaa0001f1db33,00104,bonjour tout le monde,1,1
5dd6741e24bbaa0001f1db34,00104,bonjour tout le monde,0,4
5dd6741e24bbaa0001f1db35,00104,bonjour tout le monde,0,2
5dd6741e24bbaa0001f1db36,00104,bonjour tout le monde,4,26
5dd674da24bbaa0001f1db37,00026,bonjour tout le monde,6,34
5dd6792924bbaa0001f1db3c,00198,bonjour tout le monde,7,17
5dd683a024bbaa0001f1db41,00141,bonjour tout le monde,9,29
5dd689cf24bbaa0001f1db44,00115,bonjour tout le monde,7,35
5dd6c6e524bbaa0001f1db4f,00064,bonjour tout le monde,10,30
5dd6c82324bbaa0001f1db51,00079,bonjour tout le monde,23,33
5dd6e37c24bbaa0001f1db65,00079,bonjour tout le monde,13,31
5dd79d3624bbaa0001f1db85,00115,bonjour tout le monde,2,27
5dd7c38324bbaa0001f1db91,00009,bonjour tout le monde,9,23
5dd7f25324bbaa0001f1db9a,00115,bonjour tout le monde,1,1
5dd7f25324bbaa0001f1db9b,00115,bonjour tout le monde,2,3
5dd7f25324bbaa0001f1db9c,00115,bonjour tout le monde,1,2
5dd7f25324bbaa0001f1db9d,00115,bonjour tout le monde,0,1
5dd7f25324bbaa0001f1db9e,00115,bonjour tout le monde,1,4
5dd7f25324bbaa0001f1db9f,00115,bonjour tout le monde,1,2
5dd7f25324bbaa0001f1dba0,00115,bonjour tout le monde,3,2
5dd7f25324bbaa0001f1dba1,00115,bonjour tout le monde,2,1
5dd7f25324bbaa0001f1dba2,00115,bonjour tout le monde,2,0
5dd7f25324bbaa0001f1dba3,00115,bonjour tout le monde,2,1
5dd7f25324bbaa0001f1dba4,00115,bonjour tout le monde,6,25
5dd7f25924bbaa0001f1dba5,00141,bonjour tout le monde,14,30
5dd7fe8724bbaa0001f1dbba,00167,bonjour tout le monde,0,4
5dd7fe8724bbaa0001f1dbbb,00167,bonjour tout le monde,0,2
5dd7fe8724bbaa0001f1dbbc,00167,bonjour tout le monde,0,6
5dd7fe8724bbaa0001f1dbbd,00167,bonjour tout le monde,15,30
5dd8479824bbaa0001f1dbd8,00152,bonjour tout le monde,3,3
5dd8578324bbaa0001f1dbdd,00039,bonjour tout le monde,15,32
5ddb814324bbaa0001f1dbf0,00014,bonjour tout le monde,6,11
5ddb8f9a24bbaa0001f1dbf2,00224,bonjour tout le monde,3,23
5ddbc9f524bbaa0001f1dc01,00213,bonjour tout le monde,10,30
5ddbe90924bbaa0001f1dc07,00142,bonjour tout le monde,7,32
5ddbeb8424bbaa0001f1dc08,nan,bonjour tout le monde,0,0
5ddbeb8424bbaa0001f1dc09,nan,bonjour tout le monde,0,2
5ddbed5d24bbaa0001f1dc0a,00064,bonjour tout le monde,14,31
5ddce28d24bbaa0001f1dc21,00213,bonjour tout le monde,3,21
5ddd034e24bbaa0001f1dc27,00064,bonjour tout le monde,12,26
5ddd3a6d24bbaa0001f1dc31,00174,bonjour tout le monde,9,30
5ddd54fb24bbaa0001f1dc38,00183,bonjour tout le monde,16,37
5ddd682a24bbaa0001f1dc42,00064,bonjour tout le monde,21,38
5dde444624bbaa0001f1dc5d,00009,bonjour tout le monde,4,21
5ddebe8924bbaa0001f1dc69,00066,bonjour tout le monde,4,36
5ddfab454194fa000102b3cb,00160,bonjour tout le monde,0,5
5ddfd6734194fa000102b3ce,00066,bonjour tout le monde,1,22
5ddfe08b4194fa000102b3cf,00026,bonjour tout le monde,10,21
5ddfe1c64194fa000102b3d1,00007,bonjour tout le monde,3,8
5ddfe8694194fa000102b3d7,00070,bonjour tout le monde,11,15
5ddff8644194fa000102b3e3,00025,bonjour tout le monde,0,0
5ddff8644194fa000102b3e4,00025,bonjour tout le monde,0,0
5ddff8644194fa000102b3e5,00025,bonjour tout le monde,0,0
5ddff8644194fa000102b3e6,00025,bonjour tout le monde,0,0
5ddff8644194fa000102b3e7,00025,bonjour tout le monde,5,29
5de0bc004194fa000102b3f0,00160,bonjour tout le monde,4,40
5de13c6d4194fa000102b3f7,00066,bonjour tout le monde,7,26
5de145e34194fa000102b3fc,00213,bonjour tout le monde,0,10
5de146ff4194fa000102b3fd,00018,bonjour tout le monde,0,2
5de146ff4194fa000102b3fe,00018,bonjour tout le monde,0,2
5de146ff4194fa000102b3ff,00018,bonjour tout le monde,0,3
5de146ff4194fa000102b400,00018,bonjour tout le monde,0,4
5de146ff4194fa000102b401,00018,bonjour tout le monde,9,38
5de152d24194fa000102b403,00018,bonjour tout le monde,15,30
5de196c84194fa000102b416,00152,bonjour tout le monde,0,4
5de282da4194fa000102b41d,00187,bonjour tout le monde,5,25
5de4c8394194fa000102b422,00014,bonjour tout le monde,0,1
5de4c8394194fa000102b423,00014,bonjour tout le monde,0,2
5de4c8394194fa000102b424,00014,bonjour tout le monde,0,2
5de4c8394194fa000102b425,00014,bonjour tout le monde,1,4
5de4c8394194fa000102b426,00014,bonjour tout le monde,0,1
5de4c8394194fa000102b427,00014,bonjour tout le monde,0,2
5de4c8394194fa000102b428,00014,bonjour tout le monde,18,52
5de4deae4194fa000102b435,00052,bonjour tout le monde,2,30
5de4f6e44194fa000102b43d,00115,bonjour tout le monde,1,5
5de4f6e44194fa000102b43e,00115,bonjour tout le monde,0,5
5de4f6e44194fa000102b43f,00115,bonjour tout le monde,17,59
5de5836d7e4643000149feb7,00152,bonjour tout le monde,3,34
5de640887e4643000149febe,00115,bonjour tout le monde,0,0
5de640887e4643000149febf,00115,bonjour tout le monde,0,0
5de640887e4643000149fec0,00115,bonjour tout le monde,7,23
5de795c97e4643000149fecd,00041,bonjour tout le monde,0,5
5de7b8427e4643000149fece,00198,bonjour tout le monde,16,29
5de7c0a17e4643000149fed2,00183,bonjour tout le monde,20,32
5de7c39a7e4643000149fedb,00009,bonjour tout le monde,0,16
5de8c1067e4643000149fef1,00115,bonjour tout le monde,6,34
5de8c5ef7e4643000149fef2,00147,bonjour tout le monde,5,36
5dea17127e4643000149ff00,00052,bonjour tout le monde,7,29
5dea1b267e4643000149ff01,00217,bonjour tout le monde,3,34
5dea6b277e4643000149ff0e,00115,bonjour tout le monde,12,37
5dee4dbf7e4643000149ff1c,00164,bonjour tout le monde,0,38
5dee9ded7e4643000149ff1d,00151,bonjour tout le monde,5,45
5def72c07e4643000149ff27,00018,bonjour tout le monde,14,42
5defb3ac7e4643000149ff32,00048,bonjour tout le monde,0,24
5defe3d87e4643000149ff35,00141,bonjour tout le monde,2,23
5df00d6c7e4643000149ff36,00212,bonjour tout le monde,0,13
5df0c2f97e4643000149ff3b,00009,bonjour tout le monde,0,7
5df0d8b67e4643000149ff3c,00064,bonjour tout le monde,11,28
5df128a57e4643000149ff45,00040,bonjour tout le monde,0,18
5df1e8f47e4643000149ff49,00051,bonjour tout le monde,7,38
5df25a597e4643000149ff51,00166,bonjour tout le monde,0,0
5df25a597e4643000149ff52,00166,bonjour tout le monde,0,0
5df25a597e4643000149ff53,00166,bonjour tout le monde,3,24
5df372ad7e4643000149ff56,00181,bonjour tout le monde,0,0
5df372ad7e4643000149ff57,00181,bonjour tout le monde,0,0
5df372ad7e4643000149ff58,00181,bonjour tout le monde,0,1
5df372ad7e4643000149ff59,00181,bonjour tout le monde,0,0
5df372ad7e4643000149ff5a,00181,bonjour tout le monde,13,29
5df3992a7e4643000149ff62,00115,bonjour tout le monde,12,12
5df758717e4643000149ff79,00204,bonjour tout le monde,3,28
5df79bf27e4643000149ff7f,00187,bonjour tout le monde,0,0
5df79bf27e4643000149ff80,00187,bonjour tout le monde,0,0
5df79bf27e4643000149ff81,00187,bonjour tout le monde,2,16
5df8a6007e4643000149ff84,00037,bonjour tout le monde,23,36
5df8b5cd7e4643000149ff8f,00125,bonjour tout le monde,1,13
5df8d4517e4643000149ff96,00204,bonjour tout le monde,0,20
5df906837e4643000149ff9b,00204,bonjour tout le monde,0,18
5dfa28477e4643000149ff9e,00225,bonjour tout le monde,1,26
5dfa42c37e4643000149ff9f,00064,bonjour tout le monde,1,24
5dfa7c3a7e4643000149ffa2,00040,bonjour tout le monde,3,7
5dfb349d7e4643000149ffa3,00002,bonjour tout le monde,1,34
5dfb401f7e4643000149ffa6,00217,bonjour tout le monde,2,20
5dfcd6007e4643000149ffad,00115,bonjour tout le monde,30,13
5dfcf5307e4643000149ffc4,00064,bonjour tout le monde,14,42
5e0093707e4643000149ffe0,00138,bonjour tout le monde,11,35
5e009e5f7e4643000149ffe5,00037,bonjour tout le monde,0,2
5e009e5f7e4643000149ffe6,00037,bonjour tout le monde,0,2
5e009e5f7e4643000149ffe7,00037,bonjour tout le monde,11,36
5e01d0db7e4643000149fffa,00213,bonjour tout le monde,6,21
5e01f8ae7e464300014a0001,00079,bonjour tout le monde,11,47
5e0210517e464300014a000c,00152,bonjour tout le monde,1,3
5e03186f7e464300014a0012,00229,bonjour tout le monde,2,25
5e032b0e7e464300014a0015,00115,bonjour tout le monde,0,25
5e0334467e464300014a0016,00119,bonjour tout le monde,0,25
5e037d8a7e464300014a0019,00214,bonjour tout le monde,0,6
5e32dddac21d7700014c439a,00086,bonjour tout le monde,1,1
5e32de23c21d7700014c439c,nan,bonjour tout le monde,0,0
5e32de23c21d7700014c439d,00086,bonjour tout le monde,0,0
5e32de34c21d7700014c439e,00086,bonjour tout le monde,0,1
5e708df36847650001dda96a,00132,bonjour tout le monde,0,0
5e708df36847650001dda96b,00132,bonjour tout le monde,0,0
5e708df36847650001dda96c,00132,bonjour tout le monde,0,0
5e708df36847650001dda96d,00132,bonjour tout le monde,0,0
5e70b4916847650001dda970,00132,bonjour tout le monde,0,1
5e9ed3176847650001dda971,00132,bonjour tout le monde,0,0
5ebe7717cc05530001fd33ff,00132,bonjour tout le monde,0,0
5f369c79e032360001e5944e,00132,bonjour tout le monde,0,0
5fbe45f4122c300001734ab4,00001,bonjour tout le monde,0,1
5fcfdff007c7a70001f7843f,00129,bonjour tout le monde,1,1
5fdd16fd07c7a70001f78441,00129,bonjour tout le monde,0,0
